solid ASCII
  facet normal -9.914449e-01 1.305262e-01 -7.728703e-17
    outer loop
      vertex   1.154548e+01 9.585890e+00 0.000000e+00
      vertex   1.154548e+01 9.585890e+00 3.000000e+00
      vertex   1.160000e+01 1.000000e+01 0.000000e+00
    endloop
  endfacet
  facet normal -9.914449e-01 1.305262e-01 0.000000e+00
    outer loop
      vertex   1.160000e+01 1.000000e+01 0.000000e+00
      vertex   1.154548e+01 9.585890e+00 3.000000e+00
      vertex   1.160000e+01 1.000000e+01 3.000000e+00
    endloop
  endfacet
  facet normal -9.914449e-01 -1.305262e-01 0.000000e+00
    outer loop
      vertex   1.160000e+01 1.000000e+01 0.000000e+00
      vertex   1.160000e+01 1.000000e+01 3.000000e+00
      vertex   1.154548e+01 1.041411e+01 0.000000e+00
    endloop
  endfacet
  facet normal -9.914449e-01 -1.305262e-01 7.728703e-17
    outer loop
      vertex   1.154548e+01 1.041411e+01 0.000000e+00
      vertex   1.160000e+01 1.000000e+01 3.000000e+00
      vertex   1.154548e+01 1.041411e+01 3.000000e+00
    endloop
  endfacet
  facet normal -9.238795e-01 -3.826834e-01 2.265941e-16
    outer loop
      vertex   1.154548e+01 1.041411e+01 0.000000e+00
      vertex   1.154548e+01 1.041411e+01 3.000000e+00
      vertex   1.138564e+01 1.080000e+01 0.000000e+00
    endloop
  endfacet
  facet normal -9.238795e-01 -3.826834e-01 0.000000e+00
    outer loop
      vertex   1.138564e+01 1.080000e+01 0.000000e+00
      vertex   1.154548e+01 1.041411e+01 3.000000e+00
      vertex   1.138564e+01 1.080000e+01 3.000000e+00
    endloop
  endfacet
  facet normal -7.933533e-01 -6.087614e-01 0.000000e+00
    outer loop
      vertex   1.138564e+01 1.080000e+01 0.000000e+00
      vertex   1.138564e+01 1.080000e+01 3.000000e+00
      vertex   1.113137e+01 1.113137e+01 0.000000e+00
    endloop
  endfacet
  facet normal -7.933533e-01 -6.087614e-01 0.000000e+00
    outer loop
      vertex   1.113137e+01 1.113137e+01 0.000000e+00
      vertex   1.138564e+01 1.080000e+01 3.000000e+00
      vertex   1.113137e+01 1.113137e+01 3.000000e+00
    endloop
  endfacet
  facet normal -6.087614e-01 -7.933533e-01 0.000000e+00
    outer loop
      vertex   1.113137e+01 1.113137e+01 0.000000e+00
      vertex   1.113137e+01 1.113137e+01 3.000000e+00
      vertex   1.080000e+01 1.138564e+01 0.000000e+00
    endloop
  endfacet
  facet normal -6.087614e-01 -7.933533e-01 -3.604592e-16
    outer loop
      vertex   1.080000e+01 1.138564e+01 0.000000e+00
      vertex   1.113137e+01 1.113137e+01 3.000000e+00
      vertex   1.080000e+01 1.138564e+01 3.000000e+00
    endloop
  endfacet
  facet normal -3.826834e-01 -9.238795e-01 -2.265941e-16
    outer loop
      vertex   1.080000e+01 1.138564e+01 0.000000e+00
      vertex   1.080000e+01 1.138564e+01 3.000000e+00
      vertex   1.041411e+01 1.154548e+01 0.000000e+00
    endloop
  endfacet
  facet normal -3.826834e-01 -9.238795e-01 0.000000e+00
    outer loop
      vertex   1.041411e+01 1.154548e+01 0.000000e+00
      vertex   1.080000e+01 1.138564e+01 3.000000e+00
      vertex   1.041411e+01 1.154548e+01 3.000000e+00
    endloop
  endfacet
  facet normal -1.305262e-01 -9.914449e-01 0.000000e+00
    outer loop
      vertex   1.041411e+01 1.154548e+01 0.000000e+00
      vertex   1.041411e+01 1.154548e+01 3.000000e+00
      vertex   1.000000e+01 1.160000e+01 0.000000e+00
    endloop
  endfacet
  facet normal -1.305262e-01 -9.914449e-01 0.000000e+00
    outer loop
      vertex   1.000000e+01 1.160000e+01 0.000000e+00
      vertex   1.041411e+01 1.154548e+01 3.000000e+00
      vertex   1.000000e+01 1.160000e+01 3.000000e+00
    endloop
  endfacet
  facet normal 1.305262e-01 -9.914449e-01 0.000000e+00
    outer loop
      vertex   1.000000e+01 1.160000e+01 0.000000e+00
      vertex   1.000000e+01 1.160000e+01 3.000000e+00
      vertex   9.585890e+00 1.154548e+01 0.000000e+00
    endloop
  endfacet
  facet normal 1.305262e-01 -9.914449e-01 7.728703e-17
    outer loop
      vertex   9.585890e+00 1.154548e+01 0.000000e+00
      vertex   1.000000e+01 1.160000e+01 3.000000e+00
      vertex   9.585890e+00 1.154548e+01 3.000000e+00
    endloop
  endfacet
  facet normal 3.826834e-01 -9.238795e-01 2.265941e-16
    outer loop
      vertex   9.585890e+00 1.154548e+01 0.000000e+00
      vertex   9.585890e+00 1.154548e+01 3.000000e+00
      vertex   9.200000e+00 1.138564e+01 0.000000e+00
    endloop
  endfacet
  facet normal 3.826834e-01 -9.238795e-01 2.265941e-16
    outer loop
      vertex   9.200000e+00 1.138564e+01 0.000000e+00
      vertex   9.585890e+00 1.154548e+01 3.000000e+00
      vertex   9.200000e+00 1.138564e+01 3.000000e+00
    endloop
  endfacet
  facet normal 6.087614e-01 -7.933533e-01 3.604592e-16
    outer loop
      vertex   9.200000e+00 1.138564e+01 0.000000e+00
      vertex   9.200000e+00 1.138564e+01 3.000000e+00
      vertex   8.868629e+00 1.113137e+01 0.000000e+00
    endloop
  endfacet
  facet normal 6.087614e-01 -7.933533e-01 0.000000e+00
    outer loop
      vertex   8.868629e+00 1.113137e+01 0.000000e+00
      vertex   9.200000e+00 1.138564e+01 3.000000e+00
      vertex   8.868629e+00 1.113137e+01 3.000000e+00
    endloop
  endfacet
  facet normal 7.933533e-01 -6.087614e-01 0.000000e+00
    outer loop
      vertex   8.868629e+00 1.113137e+01 0.000000e+00
      vertex   8.868629e+00 1.113137e+01 3.000000e+00
      vertex   8.614359e+00 1.080000e+01 0.000000e+00
    endloop
  endfacet
  facet normal 7.933533e-01 -6.087614e-01 0.000000e+00
    outer loop
      vertex   8.614359e+00 1.080000e+01 0.000000e+00
      vertex   8.868629e+00 1.113137e+01 3.000000e+00
      vertex   8.614359e+00 1.080000e+01 3.000000e+00
    endloop
  endfacet
  facet normal 9.238795e-01 -3.826834e-01 0.000000e+00
    outer loop
      vertex   8.614359e+00 1.080000e+01 0.000000e+00
      vertex   8.614359e+00 1.080000e+01 3.000000e+00
      vertex   8.454519e+00 1.041411e+01 0.000000e+00
    endloop
  endfacet
  facet normal 9.238795e-01 -3.826834e-01 0.000000e+00
    outer loop
      vertex   8.454519e+00 1.041411e+01 0.000000e+00
      vertex   8.614359e+00 1.080000e+01 3.000000e+00
      vertex   8.454519e+00 1.041411e+01 3.000000e+00
    endloop
  endfacet
  facet normal 9.914449e-01 -1.305262e-01 0.000000e+00
    outer loop
      vertex   8.454519e+00 1.041411e+01 0.000000e+00
      vertex   8.454519e+00 1.041411e+01 3.000000e+00
      vertex   8.400000e+00 1.000000e+01 0.000000e+00
    endloop
  endfacet
  facet normal 9.914449e-01 -1.305262e-01 0.000000e+00
    outer loop
      vertex   8.400000e+00 1.000000e+01 0.000000e+00
      vertex   8.454519e+00 1.041411e+01 3.000000e+00
      vertex   8.400000e+00 1.000000e+01 3.000000e+00
    endloop
  endfacet
  facet normal 9.914449e-01 1.305262e-01 -0.000000e+00
    outer loop
      vertex   8.400000e+00 1.000000e+01 0.000000e+00
      vertex   8.400000e+00 1.000000e+01 3.000000e+00
      vertex   8.454519e+00 9.585890e+00 0.000000e+00
    endloop
  endfacet
  facet normal 9.914449e-01 1.305262e-01 -0.000000e+00
    outer loop
      vertex   8.454519e+00 9.585890e+00 0.000000e+00
      vertex   8.400000e+00 1.000000e+01 3.000000e+00
      vertex   8.454519e+00 9.585890e+00 3.000000e+00
    endloop
  endfacet
  facet normal 9.238795e-01 3.826834e-01 -0.000000e+00
    outer loop
      vertex   8.454519e+00 9.585890e+00 0.000000e+00
      vertex   8.454519e+00 9.585890e+00 3.000000e+00
      vertex   8.614359e+00 9.200000e+00 0.000000e+00
    endloop
  endfacet
  facet normal 9.238795e-01 3.826834e-01 2.265941e-16
    outer loop
      vertex   8.614359e+00 9.200000e+00 0.000000e+00
      vertex   8.454519e+00 9.585890e+00 3.000000e+00
      vertex   8.614359e+00 9.200000e+00 3.000000e+00
    endloop
  endfacet
  facet normal 7.933533e-01 6.087614e-01 3.604592e-16
    outer loop
      vertex   8.614359e+00 9.200000e+00 0.000000e+00
      vertex   8.614359e+00 9.200000e+00 3.000000e+00
      vertex   8.868629e+00 8.868629e+00 0.000000e+00
    endloop
  endfacet
  facet normal 7.933533e-01 6.087614e-01 3.604592e-16
    outer loop
      vertex   8.868629e+00 8.868629e+00 0.000000e+00
      vertex   8.614359e+00 9.200000e+00 3.000000e+00
      vertex   8.868629e+00 8.868629e+00 3.000000e+00
    endloop
  endfacet
  facet normal 6.087614e-01 7.933533e-01 4.697595e-16
    outer loop
      vertex   8.868629e+00 8.868629e+00 0.000000e+00
      vertex   8.868629e+00 8.868629e+00 3.000000e+00
      vertex   9.200000e+00 8.614359e+00 0.000000e+00
    endloop
  endfacet
  facet normal 6.087614e-01 7.933533e-01 -3.604592e-16
    outer loop
      vertex   9.200000e+00 8.614359e+00 0.000000e+00
      vertex   8.868629e+00 8.868629e+00 3.000000e+00
      vertex   9.200000e+00 8.614359e+00 3.000000e+00
    endloop
  endfacet
  facet normal 3.826834e-01 9.238795e-01 -2.265941e-16
    outer loop
      vertex   9.200000e+00 8.614359e+00 0.000000e+00
      vertex   9.200000e+00 8.614359e+00 3.000000e+00
      vertex   9.585890e+00 8.454519e+00 0.000000e+00
    endloop
  endfacet
  facet normal 3.826834e-01 9.238795e-01 -2.265941e-16
    outer loop
      vertex   9.585890e+00 8.454519e+00 0.000000e+00
      vertex   9.200000e+00 8.614359e+00 3.000000e+00
      vertex   9.585890e+00 8.454519e+00 3.000000e+00
    endloop
  endfacet
  facet normal 1.305262e-01 9.914449e-01 -7.728703e-17
    outer loop
      vertex   9.585890e+00 8.454519e+00 0.000000e+00
      vertex   9.585890e+00 8.454519e+00 3.000000e+00
      vertex   1.000000e+01 8.400000e+00 0.000000e+00
    endloop
  endfacet
  facet normal 1.305262e-01 9.914449e-01 -0.000000e+00
    outer loop
      vertex   1.000000e+01 8.400000e+00 0.000000e+00
      vertex   9.585890e+00 8.454519e+00 3.000000e+00
      vertex   1.000000e+01 8.400000e+00 3.000000e+00
    endloop
  endfacet
  facet normal -1.305262e-01 9.914449e-01 0.000000e+00
    outer loop
      vertex   1.000000e+01 8.400000e+00 0.000000e+00
      vertex   1.000000e+01 8.400000e+00 3.000000e+00
      vertex   1.041411e+01 8.454519e+00 0.000000e+00
    endloop
  endfacet
  facet normal -1.305262e-01 9.914449e-01 0.000000e+00
    outer loop
      vertex   1.041411e+01 8.454519e+00 0.000000e+00
      vertex   1.000000e+01 8.400000e+00 3.000000e+00
      vertex   1.041411e+01 8.454519e+00 3.000000e+00
    endloop
  endfacet
  facet normal -3.826834e-01 9.238795e-01 0.000000e+00
    outer loop
      vertex   1.041411e+01 8.454519e+00 0.000000e+00
      vertex   1.041411e+01 8.454519e+00 3.000000e+00
      vertex   1.080000e+01 8.614359e+00 0.000000e+00
    endloop
  endfacet
  facet normal -3.826834e-01 9.238795e-01 -3.204525e-16
    outer loop
      vertex   1.080000e+01 8.614359e+00 0.000000e+00
      vertex   1.041411e+01 8.454519e+00 3.000000e+00
      vertex   1.080000e+01 8.614359e+00 3.000000e+00
    endloop
  endfacet
  facet normal -6.087614e-01 7.933533e-01 -1.093004e-16
    outer loop
      vertex   1.080000e+01 8.614359e+00 0.000000e+00
      vertex   1.080000e+01 8.614359e+00 3.000000e+00
      vertex   1.113137e+01 8.868629e+00 0.000000e+00
    endloop
  endfacet
  facet normal -6.087614e-01 7.933533e-01 0.000000e+00
    outer loop
      vertex   1.113137e+01 8.868629e+00 0.000000e+00
      vertex   1.080000e+01 8.614359e+00 3.000000e+00
      vertex   1.113137e+01 8.868629e+00 3.000000e+00
    endloop
  endfacet
  facet normal -7.933533e-01 6.087614e-01 0.000000e+00
    outer loop
      vertex   1.113137e+01 8.868629e+00 0.000000e+00
      vertex   1.113137e+01 8.868629e+00 3.000000e+00
      vertex   1.138564e+01 9.200000e+00 0.000000e+00
    endloop
  endfacet
  facet normal -7.933533e-01 6.087614e-01 -3.604592e-16
    outer loop
      vertex   1.138564e+01 9.200000e+00 0.000000e+00
      vertex   1.113137e+01 8.868629e+00 3.000000e+00
      vertex   1.138564e+01 9.200000e+00 3.000000e+00
    endloop
  endfacet
  facet normal -9.238795e-01 3.826834e-01 -2.265941e-16
    outer loop
      vertex   1.138564e+01 9.200000e+00 0.000000e+00
      vertex   1.138564e+01 9.200000e+00 3.000000e+00
      vertex   1.154548e+01 9.585890e+00 0.000000e+00
    endloop
  endfacet
  facet normal -9.238795e-01 3.826834e-01 -2.265941e-16
    outer loop
      vertex   1.154548e+01 9.585890e+00 0.000000e+00
      vertex   1.138564e+01 9.200000e+00 3.000000e+00
      vertex   1.154548e+01 9.585890e+00 3.000000e+00
    endloop
  endfacet
  facet normal -9.914449e-01 1.305262e-01 0.000000e+00
    outer loop
      vertex   4.154548e+01 9.585890e+00 0.000000e+00
      vertex   4.154548e+01 9.585890e+00 3.000000e+00
      vertex   4.160000e+01 1.000000e+01 0.000000e+00
    endloop
  endfacet
  facet normal -9.914449e-01 1.305262e-01 0.000000e+00
    outer loop
      vertex   4.160000e+01 1.000000e+01 0.000000e+00
      vertex   4.154548e+01 9.585890e+00 3.000000e+00
      vertex   4.160000e+01 1.000000e+01 3.000000e+00
    endloop
  endfacet
  facet normal -9.914449e-01 -1.305262e-01 0.000000e+00
    outer loop
      vertex   4.160000e+01 1.000000e+01 0.000000e+00
      vertex   4.160000e+01 1.000000e+01 3.000000e+00
      vertex   4.154548e+01 1.041411e+01 0.000000e+00
    endloop
  endfacet
  facet normal -9.914449e-01 -1.305262e-01 7.728703e-17
    outer loop
      vertex   4.154548e+01 1.041411e+01 0.000000e+00
      vertex   4.160000e+01 1.000000e+01 3.000000e+00
      vertex   4.154548e+01 1.041411e+01 3.000000e+00
    endloop
  endfacet
  facet normal -9.238795e-01 -3.826834e-01 2.265941e-16
    outer loop
      vertex   4.154548e+01 1.041411e+01 0.000000e+00
      vertex   4.154548e+01 1.041411e+01 3.000000e+00
      vertex   4.138564e+01 1.080000e+01 0.000000e+00
    endloop
  endfacet
  facet normal -9.238795e-01 -3.826834e-01 0.000000e+00
    outer loop
      vertex   4.138564e+01 1.080000e+01 0.000000e+00
      vertex   4.154548e+01 1.041411e+01 3.000000e+00
      vertex   4.138564e+01 1.080000e+01 3.000000e+00
    endloop
  endfacet
  facet normal -7.933533e-01 -6.087614e-01 0.000000e+00
    outer loop
      vertex   4.138564e+01 1.080000e+01 0.000000e+00
      vertex   4.138564e+01 1.080000e+01 3.000000e+00
      vertex   4.113137e+01 1.113137e+01 0.000000e+00
    endloop
  endfacet
  facet normal -7.933533e-01 -6.087614e-01 0.000000e+00
    outer loop
      vertex   4.113137e+01 1.113137e+01 0.000000e+00
      vertex   4.138564e+01 1.080000e+01 3.000000e+00
      vertex   4.113137e+01 1.113137e+01 3.000000e+00
    endloop
  endfacet
  facet normal -6.087614e-01 -7.933533e-01 0.000000e+00
    outer loop
      vertex   4.113137e+01 1.113137e+01 0.000000e+00
      vertex   4.113137e+01 1.113137e+01 3.000000e+00
      vertex   4.080000e+01 1.138564e+01 0.000000e+00
    endloop
  endfacet
  facet normal -6.087614e-01 -7.933533e-01 0.000000e+00
    outer loop
      vertex   4.080000e+01 1.138564e+01 0.000000e+00
      vertex   4.113137e+01 1.113137e+01 3.000000e+00
      vertex   4.080000e+01 1.138564e+01 3.000000e+00
    endloop
  endfacet
  facet normal -3.826834e-01 -9.238795e-01 0.000000e+00
    outer loop
      vertex   4.080000e+01 1.138564e+01 0.000000e+00
      vertex   4.080000e+01 1.138564e+01 3.000000e+00
      vertex   4.041411e+01 1.154548e+01 0.000000e+00
    endloop
  endfacet
  facet normal -3.826834e-01 -9.238795e-01 0.000000e+00
    outer loop
      vertex   4.041411e+01 1.154548e+01 0.000000e+00
      vertex   4.080000e+01 1.138564e+01 3.000000e+00
      vertex   4.041411e+01 1.154548e+01 3.000000e+00
    endloop
  endfacet
  facet normal -1.305262e-01 -9.914449e-01 0.000000e+00
    outer loop
      vertex   4.041411e+01 1.154548e+01 0.000000e+00
      vertex   4.041411e+01 1.154548e+01 3.000000e+00
      vertex   4.000000e+01 1.160000e+01 0.000000e+00
    endloop
  endfacet
  facet normal -1.305262e-01 -9.914449e-01 0.000000e+00
    outer loop
      vertex   4.000000e+01 1.160000e+01 0.000000e+00
      vertex   4.041411e+01 1.154548e+01 3.000000e+00
      vertex   4.000000e+01 1.160000e+01 3.000000e+00
    endloop
  endfacet
  facet normal 1.305262e-01 -9.914449e-01 0.000000e+00
    outer loop
      vertex   4.000000e+01 1.160000e+01 0.000000e+00
      vertex   4.000000e+01 1.160000e+01 3.000000e+00
      vertex   3.958589e+01 1.154548e+01 0.000000e+00
    endloop
  endfacet
  facet normal 1.305262e-01 -9.914449e-01 0.000000e+00
    outer loop
      vertex   3.958589e+01 1.154548e+01 0.000000e+00
      vertex   4.000000e+01 1.160000e+01 3.000000e+00
      vertex   3.958589e+01 1.154548e+01 3.000000e+00
    endloop
  endfacet
  facet normal 3.826834e-01 -9.238795e-01 0.000000e+00
    outer loop
      vertex   3.958589e+01 1.154548e+01 0.000000e+00
      vertex   3.958589e+01 1.154548e+01 3.000000e+00
      vertex   3.920000e+01 1.138564e+01 0.000000e+00
    endloop
  endfacet
  facet normal 3.826834e-01 -9.238795e-01 -1.094093e-15
    outer loop
      vertex   3.920000e+01 1.138564e+01 0.000000e+00
      vertex   3.958589e+01 1.154548e+01 3.000000e+00
      vertex   3.920000e+01 1.138564e+01 3.000000e+00
    endloop
  endfacet
  facet normal 6.087614e-01 -7.933533e-01 -9.395191e-16
    outer loop
      vertex   3.920000e+01 1.138564e+01 0.000000e+00
      vertex   3.920000e+01 1.138564e+01 3.000000e+00
      vertex   3.886863e+01 1.113137e+01 0.000000e+00
    endloop
  endfacet
  facet normal 6.087614e-01 -7.933533e-01 0.000000e+00
    outer loop
      vertex   3.886863e+01 1.113137e+01 0.000000e+00
      vertex   3.920000e+01 1.138564e+01 3.000000e+00
      vertex   3.886863e+01 1.113137e+01 3.000000e+00
    endloop
  endfacet
  facet normal 7.933533e-01 -6.087614e-01 0.000000e+00
    outer loop
      vertex   3.886863e+01 1.113137e+01 0.000000e+00
      vertex   3.886863e+01 1.113137e+01 3.000000e+00
      vertex   3.861436e+01 1.080000e+01 0.000000e+00
    endloop
  endfacet
  facet normal 7.933533e-01 -6.087614e-01 0.000000e+00
    outer loop
      vertex   3.861436e+01 1.080000e+01 0.000000e+00
      vertex   3.886863e+01 1.113137e+01 3.000000e+00
      vertex   3.861436e+01 1.080000e+01 3.000000e+00
    endloop
  endfacet
  facet normal 9.238795e-01 -3.826834e-01 0.000000e+00
    outer loop
      vertex   3.861436e+01 1.080000e+01 0.000000e+00
      vertex   3.861436e+01 1.080000e+01 3.000000e+00
      vertex   3.845452e+01 1.041411e+01 0.000000e+00
    endloop
  endfacet
  facet normal 9.238795e-01 -3.826834e-01 0.000000e+00
    outer loop
      vertex   3.845452e+01 1.041411e+01 0.000000e+00
      vertex   3.861436e+01 1.080000e+01 3.000000e+00
      vertex   3.845452e+01 1.041411e+01 3.000000e+00
    endloop
  endfacet
  facet normal 9.914449e-01 -1.305262e-01 0.000000e+00
    outer loop
      vertex   3.845452e+01 1.041411e+01 0.000000e+00
      vertex   3.845452e+01 1.041411e+01 3.000000e+00
      vertex   3.840000e+01 1.000000e+01 0.000000e+00
    endloop
  endfacet
  facet normal 9.914449e-01 -1.305262e-01 0.000000e+00
    outer loop
      vertex   3.840000e+01 1.000000e+01 0.000000e+00
      vertex   3.845452e+01 1.041411e+01 3.000000e+00
      vertex   3.840000e+01 1.000000e+01 3.000000e+00
    endloop
  endfacet
  facet normal 9.914449e-01 1.305262e-01 -0.000000e+00
    outer loop
      vertex   3.840000e+01 1.000000e+01 0.000000e+00
      vertex   3.840000e+01 1.000000e+01 3.000000e+00
      vertex   3.845452e+01 9.585890e+00 0.000000e+00
    endloop
  endfacet
  facet normal 9.914449e-01 1.305262e-01 7.728703e-17
    outer loop
      vertex   3.845452e+01 9.585890e+00 0.000000e+00
      vertex   3.840000e+01 1.000000e+01 3.000000e+00
      vertex   3.845452e+01 9.585890e+00 3.000000e+00
    endloop
  endfacet
  facet normal 9.238795e-01 3.826834e-01 2.265941e-16
    outer loop
      vertex   3.845452e+01 9.585890e+00 0.000000e+00
      vertex   3.845452e+01 9.585890e+00 3.000000e+00
      vertex   3.861436e+01 9.200000e+00 0.000000e+00
    endloop
  endfacet
  facet normal 9.238795e-01 3.826834e-01 -0.000000e+00
    outer loop
      vertex   3.861436e+01 9.200000e+00 0.000000e+00
      vertex   3.845452e+01 9.585890e+00 3.000000e+00
      vertex   3.861436e+01 9.200000e+00 3.000000e+00
    endloop
  endfacet
  facet normal 7.933533e-01 6.087614e-01 -0.000000e+00
    outer loop
      vertex   3.861436e+01 9.200000e+00 0.000000e+00
      vertex   3.861436e+01 9.200000e+00 3.000000e+00
      vertex   3.886863e+01 8.868629e+00 0.000000e+00
    endloop
  endfacet
  facet normal 7.933533e-01 6.087614e-01 -0.000000e+00
    outer loop
      vertex   3.886863e+01 8.868629e+00 0.000000e+00
      vertex   3.861436e+01 9.200000e+00 3.000000e+00
      vertex   3.886863e+01 8.868629e+00 3.000000e+00
    endloop
  endfacet
  facet normal 6.087614e-01 7.933533e-01 -0.000000e+00
    outer loop
      vertex   3.886863e+01 8.868629e+00 0.000000e+00
      vertex   3.886863e+01 8.868629e+00 3.000000e+00
      vertex   3.920000e+01 8.614359e+00 0.000000e+00
    endloop
  endfacet
  facet normal 6.087614e-01 7.933533e-01 -0.000000e+00
    outer loop
      vertex   3.920000e+01 8.614359e+00 0.000000e+00
      vertex   3.886863e+01 8.868629e+00 3.000000e+00
      vertex   3.920000e+01 8.614359e+00 3.000000e+00
    endloop
  endfacet
  facet normal 3.826834e-01 9.238795e-01 -0.000000e+00
    outer loop
      vertex   3.920000e+01 8.614359e+00 0.000000e+00
      vertex   3.920000e+01 8.614359e+00 3.000000e+00
      vertex   3.958589e+01 8.454519e+00 0.000000e+00
    endloop
  endfacet
  facet normal 3.826834e-01 9.238795e-01 -0.000000e+00
    outer loop
      vertex   3.958589e+01 8.454519e+00 0.000000e+00
      vertex   3.920000e+01 8.614359e+00 3.000000e+00
      vertex   3.958589e+01 8.454519e+00 3.000000e+00
    endloop
  endfacet
  facet normal 1.305262e-01 9.914449e-01 -0.000000e+00
    outer loop
      vertex   3.958589e+01 8.454519e+00 0.000000e+00
      vertex   3.958589e+01 8.454519e+00 3.000000e+00
      vertex   4.000000e+01 8.400000e+00 0.000000e+00
    endloop
  endfacet
  facet normal 1.305262e-01 9.914449e-01 -0.000000e+00
    outer loop
      vertex   4.000000e+01 8.400000e+00 0.000000e+00
      vertex   3.958589e+01 8.454519e+00 3.000000e+00
      vertex   4.000000e+01 8.400000e+00 3.000000e+00
    endloop
  endfacet
  facet normal -1.305262e-01 9.914449e-01 0.000000e+00
    outer loop
      vertex   4.000000e+01 8.400000e+00 0.000000e+00
      vertex   4.000000e+01 8.400000e+00 3.000000e+00
      vertex   4.041411e+01 8.454519e+00 0.000000e+00
    endloop
  endfacet
  facet normal -1.305262e-01 9.914449e-01 0.000000e+00
    outer loop
      vertex   4.041411e+01 8.454519e+00 0.000000e+00
      vertex   4.000000e+01 8.400000e+00 3.000000e+00
      vertex   4.041411e+01 8.454519e+00 3.000000e+00
    endloop
  endfacet
  facet normal -3.826834e-01 9.238795e-01 0.000000e+00
    outer loop
      vertex   4.041411e+01 8.454519e+00 0.000000e+00
      vertex   4.041411e+01 8.454519e+00 3.000000e+00
      vertex   4.080000e+01 8.614359e+00 0.000000e+00
    endloop
  endfacet
  facet normal -3.826834e-01 9.238795e-01 -5.470466e-16
    outer loop
      vertex   4.080000e+01 8.614359e+00 0.000000e+00
      vertex   4.041411e+01 8.454519e+00 3.000000e+00
      vertex   4.080000e+01 8.614359e+00 3.000000e+00
    endloop
  endfacet
  facet normal -6.087614e-01 7.933533e-01 -4.697595e-16
    outer loop
      vertex   4.080000e+01 8.614359e+00 0.000000e+00
      vertex   4.080000e+01 8.614359e+00 3.000000e+00
      vertex   4.113137e+01 8.868629e+00 0.000000e+00
    endloop
  endfacet
  facet normal -6.087614e-01 7.933533e-01 0.000000e+00
    outer loop
      vertex   4.113137e+01 8.868629e+00 0.000000e+00
      vertex   4.080000e+01 8.614359e+00 3.000000e+00
      vertex   4.113137e+01 8.868629e+00 3.000000e+00
    endloop
  endfacet
  facet normal -7.933533e-01 6.087614e-01 0.000000e+00
    outer loop
      vertex   4.113137e+01 8.868629e+00 0.000000e+00
      vertex   4.113137e+01 8.868629e+00 3.000000e+00
      vertex   4.138564e+01 9.200000e+00 0.000000e+00
    endloop
  endfacet
  facet normal -7.933533e-01 6.087614e-01 0.000000e+00
    outer loop
      vertex   4.138564e+01 9.200000e+00 0.000000e+00
      vertex   4.113137e+01 8.868629e+00 3.000000e+00
      vertex   4.138564e+01 9.200000e+00 3.000000e+00
    endloop
  endfacet
  facet normal -9.238795e-01 3.826834e-01 0.000000e+00
    outer loop
      vertex   4.138564e+01 9.200000e+00 0.000000e+00
      vertex   4.138564e+01 9.200000e+00 3.000000e+00
      vertex   4.154548e+01 9.585890e+00 0.000000e+00
    endloop
  endfacet
  facet normal -9.238795e-01 3.826834e-01 0.000000e+00
    outer loop
      vertex   4.154548e+01 9.585890e+00 0.000000e+00
      vertex   4.138564e+01 9.200000e+00 3.000000e+00
      vertex   4.154548e+01 9.585890e+00 3.000000e+00
    endloop
  endfacet
  facet normal 1.322746e-02 -9.709888e-02 9.951868e-01
    outer loop
      vertex   -1.469588e+01 5.007747e+01 3.116382e+01
      vertex   -1.463393e+01 4.960080e+01 3.111649e+01
      vertex   -1.314766e+01 4.980327e+01 3.111649e+01
    endloop
  endfacet
  facet normal -1.322746e-02 9.709888e-02 9.951868e-01
    outer loop
      vertex   -1.314766e+01 4.980327e+01 3.111649e+01
      vertex   -1.463393e+01 4.960080e+01 3.111649e+01
      vertex   -1.456612e+01 4.912493e+01 3.116382e+01
    endloop
  endfacet
  facet normal -1.322817e-02 9.710034e-02 9.951867e-01
    outer loop
      vertex   -1.314766e+01 4.980327e+01 3.111649e+01
      vertex   -1.456612e+01 4.912493e+01 3.116382e+01
      vertex   -1.307973e+01 4.932740e+01 3.116382e+01
    endloop
  endfacet
  facet normal -3.882852e-02 2.850323e-01 9.577311e-01
    outer loop
      vertex   -1.307973e+01 4.932740e+01 3.116382e+01
      vertex   -1.456612e+01 4.912493e+01 3.116382e+01
      vertex   -1.449344e+01 4.865428e+01 3.130683e+01
    endloop
  endfacet
  facet normal -3.883010e-02 2.850354e-01 9.577302e-01
    outer loop
      vertex   -1.307973e+01 4.932740e+01 3.116382e+01
      vertex   -1.449344e+01 4.865428e+01 3.130683e+01
      vertex   -1.300672e+01 4.885680e+01 3.130684e+01
    endloop
  endfacet
  facet normal -6.396389e-02 4.695448e-01 8.805886e-01
    outer loop
      vertex   -1.300672e+01 4.885680e+01 3.130684e+01
      vertex   -1.449344e+01 4.865428e+01 3.130683e+01
      vertex   -1.442157e+01 4.822229e+01 3.154240e+01
    endloop
  endfacet
  facet normal -6.396530e-02 4.695474e-01 8.805871e-01
    outer loop
      vertex   -1.300672e+01 4.885680e+01 3.130684e+01
      vertex   -1.442157e+01 4.822229e+01 3.154240e+01
      vertex   -1.293436e+01 4.842488e+01 3.154240e+01
    endloop
  endfacet
  facet normal -8.563616e-02 6.286332e-01 7.729726e-01
    outer loop
      vertex   -1.293436e+01 4.842488e+01 3.154240e+01
      vertex   -1.442157e+01 4.822229e+01 3.154240e+01
      vertex   -1.435660e+01 4.785449e+01 3.184872e+01
    endloop
  endfacet
  facet normal -8.563679e-02 6.286343e-01 7.729717e-01
    outer loop
      vertex   -1.293436e+01 4.842488e+01 3.154240e+01
      vertex   -1.435660e+01 4.785449e+01 3.184872e+01
      vertex   -1.286881e+01 4.805716e+01 3.184872e+01
    endloop
  endfacet
  facet normal -1.043359e-01 7.658989e-01 6.344391e-01
    outer loop
      vertex   -1.286881e+01 4.805716e+01 3.184872e+01
      vertex   -1.435660e+01 4.785449e+01 3.184872e+01
      vertex   -1.430064e+01 4.755296e+01 3.222192e+01
    endloop
  endfacet
  facet normal -1.043353e-01 7.658980e-01 6.344402e-01
    outer loop
      vertex   -1.286881e+01 4.805716e+01 3.184872e+01
      vertex   -1.430064e+01 4.755296e+01 3.222192e+01
      vertex   -1.281229e+01 4.775572e+01 3.222192e+01
    endloop
  endfacet
  facet normal -1.188623e-01 8.725298e-01 4.738813e-01
    outer loop
      vertex   -1.281229e+01 4.775572e+01 3.222192e+01
      vertex   -1.430064e+01 4.755296e+01 3.222192e+01
      vertex   -1.425605e+01 4.732129e+01 3.265966e+01
    endloop
  endfacet
  facet normal -1.188610e-01 8.725285e-01 4.738840e-01
    outer loop
      vertex   -1.281229e+01 4.775572e+01 3.222192e+01
      vertex   -1.425605e+01 4.732129e+01 3.265966e+01
      vertex   -1.276720e+01 4.752412e+01 3.265965e+01
    endloop
  endfacet
  facet normal -1.292752e-01 9.489662e-01 2.876647e-01
    outer loop
      vertex   -1.276720e+01 4.752412e+01 3.265965e+01
      vertex   -1.425605e+01 4.732129e+01 3.265966e+01
      vertex   -1.422832e+01 4.718073e+01 3.313581e+01
    endloop
  endfacet
  facet normal -1.292740e-01 9.489654e-01 2.876680e-01
    outer loop
      vertex   -1.276720e+01 4.752412e+01 3.265965e+01
      vertex   -1.422832e+01 4.718073e+01 3.313581e+01
      vertex   -1.273914e+01 4.738360e+01 3.313581e+01
    endloop
  endfacet
  facet normal -1.343308e-01 9.860791e-01 9.799567e-02
    outer loop
      vertex   -1.273914e+01 4.738360e+01 3.313581e+01
      vertex   -1.422832e+01 4.718073e+01 3.313581e+01
      vertex   -1.421900e+01 4.713423e+01 3.361649e+01
    endloop
  endfacet
  facet normal -1.343303e-01 9.860791e-01 9.799721e-02
    outer loop
      vertex   -1.273914e+01 4.738360e+01 3.313581e+01
      vertex   -1.421900e+01 4.713423e+01 3.361649e+01
      vertex   -1.272970e+01 4.733712e+01 3.361649e+01
    endloop
  endfacet
  facet normal -1.343303e-01 9.860791e-01 -9.799721e-02
    outer loop
      vertex   -1.272970e+01 4.733712e+01 3.361649e+01
      vertex   -1.421900e+01 4.713423e+01 3.361649e+01
      vertex   -1.273914e+01 4.738360e+01 3.409717e+01
    endloop
  endfacet
  facet normal -1.343308e-01 9.860791e-01 -9.799567e-02
    outer loop
      vertex   -1.273914e+01 4.738360e+01 3.409717e+01
      vertex   -1.421900e+01 4.713423e+01 3.361649e+01
      vertex   -1.422832e+01 4.718073e+01 3.409716e+01
    endloop
  endfacet
  facet normal -1.292740e-01 9.489654e-01 -2.876680e-01
    outer loop
      vertex   -1.273914e+01 4.738360e+01 3.409717e+01
      vertex   -1.422832e+01 4.718073e+01 3.409716e+01
      vertex   -1.276720e+01 4.752412e+01 3.457332e+01
    endloop
  endfacet
  facet normal -1.292752e-01 9.489662e-01 -2.876647e-01
    outer loop
      vertex   -1.276720e+01 4.752412e+01 3.457332e+01
      vertex   -1.422832e+01 4.718073e+01 3.409716e+01
      vertex   -1.425605e+01 4.732129e+01 3.457331e+01
    endloop
  endfacet
  facet normal -1.188610e-01 8.725285e-01 -4.738840e-01
    outer loop
      vertex   -1.276720e+01 4.752412e+01 3.457332e+01
      vertex   -1.425605e+01 4.732129e+01 3.457331e+01
      vertex   -1.281229e+01 4.775572e+01 3.501105e+01
    endloop
  endfacet
  facet normal -1.188623e-01 8.725298e-01 -4.738813e-01
    outer loop
      vertex   -1.281229e+01 4.775572e+01 3.501105e+01
      vertex   -1.425605e+01 4.732129e+01 3.457331e+01
      vertex   -1.430064e+01 4.755296e+01 3.501105e+01
    endloop
  endfacet
  facet normal -1.043353e-01 7.658980e-01 -6.344402e-01
    outer loop
      vertex   -1.281229e+01 4.775572e+01 3.501105e+01
      vertex   -1.430064e+01 4.755296e+01 3.501105e+01
      vertex   -1.286881e+01 4.805716e+01 3.538425e+01
    endloop
  endfacet
  facet normal -1.043359e-01 7.658989e-01 -6.344391e-01
    outer loop
      vertex   -1.286881e+01 4.805716e+01 3.538425e+01
      vertex   -1.430064e+01 4.755296e+01 3.501105e+01
      vertex   -1.435660e+01 4.785449e+01 3.538425e+01
    endloop
  endfacet
  facet normal -8.563679e-02 6.286343e-01 -7.729717e-01
    outer loop
      vertex   -1.286881e+01 4.805716e+01 3.538425e+01
      vertex   -1.435660e+01 4.785449e+01 3.538425e+01
      vertex   -1.293436e+01 4.842488e+01 3.569057e+01
    endloop
  endfacet
  facet normal -8.563616e-02 6.286332e-01 -7.729726e-01
    outer loop
      vertex   -1.293436e+01 4.842488e+01 3.569057e+01
      vertex   -1.435660e+01 4.785449e+01 3.538425e+01
      vertex   -1.442157e+01 4.822229e+01 3.569057e+01
    endloop
  endfacet
  facet normal -6.396530e-02 4.695474e-01 -8.805871e-01
    outer loop
      vertex   -1.293436e+01 4.842488e+01 3.569057e+01
      vertex   -1.442157e+01 4.822229e+01 3.569057e+01
      vertex   -1.300672e+01 4.885680e+01 3.592613e+01
    endloop
  endfacet
  facet normal -6.396389e-02 4.695448e-01 -8.805886e-01
    outer loop
      vertex   -1.300672e+01 4.885680e+01 3.592613e+01
      vertex   -1.442157e+01 4.822229e+01 3.569057e+01
      vertex   -1.449344e+01 4.865428e+01 3.592614e+01
    endloop
  endfacet
  facet normal -3.883010e-02 2.850354e-01 -9.577302e-01
    outer loop
      vertex   -1.300672e+01 4.885680e+01 3.592613e+01
      vertex   -1.449344e+01 4.865428e+01 3.592614e+01
      vertex   -1.307973e+01 4.932740e+01 3.606915e+01
    endloop
  endfacet
  facet normal -3.882852e-02 2.850323e-01 -9.577311e-01
    outer loop
      vertex   -1.307973e+01 4.932740e+01 3.606915e+01
      vertex   -1.449344e+01 4.865428e+01 3.592614e+01
      vertex   -1.456612e+01 4.912493e+01 3.606915e+01
    endloop
  endfacet
  facet normal -1.322817e-02 9.710034e-02 -9.951867e-01
    outer loop
      vertex   -1.307973e+01 4.932740e+01 3.606915e+01
      vertex   -1.456612e+01 4.912493e+01 3.606915e+01
      vertex   -1.314766e+01 4.980327e+01 3.611649e+01
    endloop
  endfacet
  facet normal -1.322746e-02 9.709888e-02 -9.951868e-01
    outer loop
      vertex   -1.314766e+01 4.980327e+01 3.611649e+01
      vertex   -1.456612e+01 4.912493e+01 3.606915e+01
      vertex   -1.463393e+01 4.960080e+01 3.611649e+01
    endloop
  endfacet
  facet normal 1.322746e-02 -9.709888e-02 -9.951868e-01
    outer loop
      vertex   -1.314766e+01 4.980327e+01 3.611649e+01
      vertex   -1.463393e+01 4.960080e+01 3.611649e+01
      vertex   -1.469588e+01 5.007747e+01 3.606915e+01
    endloop
  endfacet
  facet normal 1.322717e-02 -9.710048e-02 -9.951867e-01
    outer loop
      vertex   -1.314766e+01 4.980327e+01 3.611649e+01
      vertex   -1.469588e+01 5.007747e+01 3.606915e+01
      vertex   -1.320950e+01 5.027997e+01 3.606915e+01
    endloop
  endfacet
  facet normal 3.882949e-02 -2.850322e-01 -9.577311e-01
    outer loop
      vertex   -1.320950e+01 5.027997e+01 3.606915e+01
      vertex   -1.469588e+01 5.007747e+01 3.606915e+01
      vertex   -1.475174e+01 5.055041e+01 3.592614e+01
    endloop
  endfacet
  facet normal 3.882879e-02 -2.850356e-01 -9.577302e-01
    outer loop
      vertex   -1.320950e+01 5.027997e+01 3.606915e+01
      vertex   -1.475174e+01 5.055041e+01 3.592614e+01
      vertex   -1.326503e+01 5.075295e+01 3.592613e+01
    endloop
  endfacet
  facet normal 6.396519e-02 -4.695447e-01 -8.805886e-01
    outer loop
      vertex   -1.326503e+01 5.075295e+01 3.592613e+01
      vertex   -1.475174e+01 5.055041e+01 3.592614e+01
      vertex   -1.479805e+01 5.098588e+01 3.569057e+01
    endloop
  endfacet
  facet normal 6.396453e-02 -4.695475e-01 -8.805871e-01
    outer loop
      vertex   -1.326503e+01 5.075295e+01 3.592613e+01
      vertex   -1.479805e+01 5.098588e+01 3.569057e+01
      vertex   -1.331084e+01 5.118849e+01 3.569057e+01
    endloop
  endfacet
  facet normal 8.563710e-02 -6.286331e-01 -7.729726e-01
    outer loop
      vertex   -1.331084e+01 5.118849e+01 3.569057e+01
      vertex   -1.479805e+01 5.098588e+01 3.569057e+01
      vertex   -1.483382e+01 5.135766e+01 3.538425e+01
    endloop
  endfacet
  facet normal 8.563678e-02 -6.286343e-01 -7.729717e-01
    outer loop
      vertex   -1.331084e+01 5.118849e+01 3.569057e+01
      vertex   -1.483382e+01 5.135766e+01 3.538425e+01
      vertex   -1.334604e+01 5.156034e+01 3.538425e+01
    endloop
  endfacet
  facet normal 1.043359e-01 -7.658989e-01 -6.344391e-01
    outer loop
      vertex   -1.334604e+01 5.156034e+01 3.538425e+01
      vertex   -1.483382e+01 5.135766e+01 3.538425e+01
      vertex   -1.486056e+01 5.166317e+01 3.501105e+01
    endloop
  endfacet
  facet normal 1.043362e-01 -7.658979e-01 -6.344402e-01
    outer loop
      vertex   -1.334604e+01 5.156034e+01 3.538425e+01
      vertex   -1.486056e+01 5.166317e+01 3.501105e+01
      vertex   -1.337221e+01 5.186592e+01 3.501105e+01
    endloop
  endfacet
  facet normal 1.188615e-01 -8.725299e-01 -4.738813e-01
    outer loop
      vertex   -1.337221e+01 5.186592e+01 3.501105e+01
      vertex   -1.486056e+01 5.166317e+01 3.501105e+01
      vertex   -1.487956e+01 5.189832e+01 3.457331e+01
    endloop
  endfacet
  facet normal 1.188623e-01 -8.725283e-01 -4.738840e-01
    outer loop
      vertex   -1.337221e+01 5.186592e+01 3.501105e+01
      vertex   -1.487956e+01 5.189832e+01 3.457331e+01
      vertex   -1.339071e+01 5.210114e+01 3.457332e+01
    endloop
  endfacet
  facet normal 1.292739e-01 -9.489664e-01 -2.876647e-01
    outer loop
      vertex   -1.339071e+01 5.210114e+01 3.457332e+01
      vertex   -1.487956e+01 5.189832e+01 3.457331e+01
      vertex   -1.489045e+01 5.204118e+01 3.409716e+01
    endloop
  endfacet
  facet normal 1.292749e-01 -9.489653e-01 -2.876680e-01
    outer loop
      vertex   -1.339071e+01 5.210114e+01 3.457332e+01
      vertex   -1.489045e+01 5.204118e+01 3.409716e+01
      vertex   -1.340126e+01 5.224404e+01 3.409717e+01
    endloop
  endfacet
  facet normal 1.343298e-01 -9.860793e-01 -9.799567e-02
    outer loop
      vertex   -1.340126e+01 5.224404e+01 3.409717e+01
      vertex   -1.489045e+01 5.204118e+01 3.409716e+01
      vertex   -1.489390e+01 5.208848e+01 3.361649e+01
    endloop
  endfacet
  facet normal 1.343303e-01 -9.860791e-01 -9.799721e-02
    outer loop
      vertex   -1.340126e+01 5.224404e+01 3.409717e+01
      vertex   -1.489390e+01 5.208848e+01 3.361649e+01
      vertex   -1.340460e+01 5.229136e+01 3.361649e+01
    endloop
  endfacet
  facet normal 1.343303e-01 -9.860791e-01 9.799721e-02
    outer loop
      vertex   -1.340460e+01 5.229136e+01 3.361649e+01
      vertex   -1.489390e+01 5.208848e+01 3.361649e+01
      vertex   -1.340126e+01 5.224404e+01 3.313581e+01
    endloop
  endfacet
  facet normal 1.343298e-01 -9.860793e-01 9.799567e-02
    outer loop
      vertex   -1.340126e+01 5.224404e+01 3.313581e+01
      vertex   -1.489390e+01 5.208848e+01 3.361649e+01
      vertex   -1.489045e+01 5.204118e+01 3.313581e+01
    endloop
  endfacet
  facet normal 1.292749e-01 -9.489653e-01 2.876680e-01
    outer loop
      vertex   -1.340126e+01 5.224404e+01 3.313581e+01
      vertex   -1.489045e+01 5.204118e+01 3.313581e+01
      vertex   -1.339071e+01 5.210114e+01 3.265965e+01
    endloop
  endfacet
  facet normal 1.292739e-01 -9.489664e-01 2.876647e-01
    outer loop
      vertex   -1.339071e+01 5.210114e+01 3.265965e+01
      vertex   -1.489045e+01 5.204118e+01 3.313581e+01
      vertex   -1.487956e+01 5.189832e+01 3.265966e+01
    endloop
  endfacet
  facet normal 1.188623e-01 -8.725283e-01 4.738840e-01
    outer loop
      vertex   -1.339071e+01 5.210114e+01 3.265965e+01
      vertex   -1.487956e+01 5.189832e+01 3.265966e+01
      vertex   -1.337221e+01 5.186592e+01 3.222192e+01
    endloop
  endfacet
  facet normal 1.188615e-01 -8.725299e-01 4.738813e-01
    outer loop
      vertex   -1.337221e+01 5.186592e+01 3.222192e+01
      vertex   -1.487956e+01 5.189832e+01 3.265966e+01
      vertex   -1.486056e+01 5.166317e+01 3.222192e+01
    endloop
  endfacet
  facet normal 1.043362e-01 -7.658979e-01 6.344402e-01
    outer loop
      vertex   -1.337221e+01 5.186592e+01 3.222192e+01
      vertex   -1.486056e+01 5.166317e+01 3.222192e+01
      vertex   -1.334604e+01 5.156034e+01 3.184872e+01
    endloop
  endfacet
  facet normal 1.043359e-01 -7.658989e-01 6.344391e-01
    outer loop
      vertex   -1.334604e+01 5.156034e+01 3.184872e+01
      vertex   -1.486056e+01 5.166317e+01 3.222192e+01
      vertex   -1.483382e+01 5.135766e+01 3.184872e+01
    endloop
  endfacet
  facet normal 8.563678e-02 -6.286343e-01 7.729717e-01
    outer loop
      vertex   -1.334604e+01 5.156034e+01 3.184872e+01
      vertex   -1.483382e+01 5.135766e+01 3.184872e+01
      vertex   -1.331084e+01 5.118849e+01 3.154240e+01
    endloop
  endfacet
  facet normal 8.563710e-02 -6.286331e-01 7.729726e-01
    outer loop
      vertex   -1.331084e+01 5.118849e+01 3.154240e+01
      vertex   -1.483382e+01 5.135766e+01 3.184872e+01
      vertex   -1.479805e+01 5.098588e+01 3.154240e+01
    endloop
  endfacet
  facet normal 6.396453e-02 -4.695475e-01 8.805871e-01
    outer loop
      vertex   -1.331084e+01 5.118849e+01 3.154240e+01
      vertex   -1.479805e+01 5.098588e+01 3.154240e+01
      vertex   -1.326503e+01 5.075295e+01 3.130684e+01
    endloop
  endfacet
  facet normal 6.396519e-02 -4.695447e-01 8.805886e-01
    outer loop
      vertex   -1.326503e+01 5.075295e+01 3.130684e+01
      vertex   -1.479805e+01 5.098588e+01 3.154240e+01
      vertex   -1.475174e+01 5.055041e+01 3.130683e+01
    endloop
  endfacet
  facet normal 3.882879e-02 -2.850356e-01 9.577302e-01
    outer loop
      vertex   -1.326503e+01 5.075295e+01 3.130684e+01
      vertex   -1.475174e+01 5.055041e+01 3.130683e+01
      vertex   -1.320950e+01 5.027997e+01 3.116382e+01
    endloop
  endfacet
  facet normal 3.882949e-02 -2.850322e-01 9.577311e-01
    outer loop
      vertex   -1.320950e+01 5.027997e+01 3.116382e+01
      vertex   -1.475174e+01 5.055041e+01 3.130683e+01
      vertex   -1.469588e+01 5.007747e+01 3.116382e+01
    endloop
  endfacet
  facet normal 1.322717e-02 -9.710048e-02 9.951867e-01
    outer loop
      vertex   -1.320950e+01 5.027997e+01 3.116382e+01
      vertex   -1.469588e+01 5.007747e+01 3.116382e+01
      vertex   -1.314766e+01 4.980327e+01 3.111649e+01
    endloop
  endfacet
  facet normal 6.659632e-02 -7.188941e-02 9.951868e-01
    outer loop
      vertex   -4.668391e+00 2.817127e+01 3.094499e+01
      vertex   -4.343904e+00 2.781664e+01 3.089766e+01
      vertex   -3.243508e+00 2.883601e+01 3.089766e+01
    endloop
  endfacet
  facet normal -6.659632e-02 7.188941e-02 9.951868e-01
    outer loop
      vertex   -3.243508e+00 2.883601e+01 3.089766e+01
      vertex   -4.343904e+00 2.781664e+01 3.089766e+01
      vertex   -4.015075e+00 2.746603e+01 3.094499e+01
    endloop
  endfacet
  facet normal -6.659774e-02 7.189021e-02 9.951867e-01
    outer loop
      vertex   -3.243508e+00 2.883601e+01 3.089766e+01
      vertex   -4.015075e+00 2.746603e+01 3.094499e+01
      vertex   -2.914589e+00 2.848548e+01 3.094499e+01
    endloop
  endfacet
  facet normal -1.954921e-01 2.110306e-01 9.577311e-01
    outer loop
      vertex   -2.914589e+00 2.848548e+01 3.094499e+01
      vertex   -4.015075e+00 2.746603e+01 3.094499e+01
      vertex   -3.685266e+00 2.712249e+01 3.108801e+01
    endloop
  endfacet
  facet normal -1.954952e-01 2.110322e-01 9.577302e-01
    outer loop
      vertex   -2.914589e+00 2.848548e+01 3.094499e+01
      vertex   -3.685266e+00 2.712249e+01 3.108801e+01
      vertex   -2.584536e+00 2.814216e+01 3.108801e+01
    endloop
  endfacet
  facet normal -3.220419e-01 3.476388e-01 8.805886e-01
    outer loop
      vertex   -2.584536e+00 2.814216e+01 3.108801e+01
      vertex   -3.685266e+00 2.712249e+01 3.108801e+01
      vertex   -3.378322e+00 2.681013e+01 3.132357e+01
    endloop
  endfacet
  facet normal -3.220445e-01 3.476401e-01 8.805871e-01
    outer loop
      vertex   -2.584536e+00 2.814216e+01 3.108801e+01
      vertex   -3.378322e+00 2.681013e+01 3.132357e+01
      vertex   -2.277226e+00 2.783015e+01 3.132358e+01
    endloop
  endfacet
  facet normal -4.311546e-01 4.654235e-01 7.729726e-01
    outer loop
      vertex   -2.277226e+00 2.783015e+01 3.132358e+01
      vertex   -3.378322e+00 2.681013e+01 3.132357e+01
      vertex   -3.113887e+00 2.654636e+01 3.162989e+01
    endloop
  endfacet
  facet normal -4.311557e-01 4.654240e-01 7.729717e-01
    outer loop
      vertex   -2.277226e+00 2.783015e+01 3.132358e+01
      vertex   -3.113887e+00 2.654636e+01 3.162989e+01
      vertex   -2.012373e+00 2.756678e+01 3.162989e+01
    endloop
  endfacet
  facet normal -5.253001e-01 5.670510e-01 6.344391e-01
    outer loop
      vertex   -2.012373e+00 2.756678e+01 3.162989e+01
      vertex   -3.113887e+00 2.654636e+01 3.162989e+01
      vertex   -2.894903e+00 2.633167e+01 3.200310e+01
    endloop
  endfacet
  facet normal -5.252991e-01 5.670507e-01 6.344402e-01
    outer loop
      vertex   -2.012373e+00 2.756678e+01 3.162989e+01
      vertex   -2.894903e+00 2.633167e+01 3.200310e+01
      vertex   -1.792968e+00 2.735247e+01 3.200309e+01
    endloop
  endfacet
  facet normal -5.984344e-01 6.459975e-01 4.738813e-01
    outer loop
      vertex   -1.792968e+00 2.735247e+01 3.200309e+01
      vertex   -2.894903e+00 2.633167e+01 3.200310e+01
      vertex   -2.725343e+00 2.616763e+01 3.244084e+01
    endloop
  endfacet
  facet normal -5.984326e-01 6.459971e-01 4.738840e-01
    outer loop
      vertex   -1.792968e+00 2.735247e+01 3.200309e+01
      vertex   -2.725343e+00 2.616763e+01 3.244084e+01
      vertex   -1.623039e+00 2.718878e+01 3.244083e+01
    endloop
  endfacet
  facet normal -6.508594e-01 7.025888e-01 2.876647e-01
    outer loop
      vertex   -1.623039e+00 2.718878e+01 3.244083e+01
      vertex   -2.725343e+00 2.616763e+01 3.244084e+01
      vertex   -2.621916e+00 2.606849e+01 3.291699e+01
    endloop
  endfacet
  facet normal -6.508579e-01 7.025889e-01 2.876680e-01
    outer loop
      vertex   -1.623039e+00 2.718878e+01 3.244083e+01
      vertex   -2.621916e+00 2.606849e+01 3.291699e+01
      vertex   -1.519366e+00 2.708987e+01 3.291698e+01
    endloop
  endfacet
  facet normal -6.763135e-01 7.300663e-01 9.799567e-02
    outer loop
      vertex   -1.519366e+00 2.708987e+01 3.291698e+01
      vertex   -2.621916e+00 2.606849e+01 3.291699e+01
      vertex   -2.587575e+00 2.603579e+01 3.339766e+01
    endloop
  endfacet
  facet normal -6.763131e-01 7.300666e-01 9.799721e-02
    outer loop
      vertex   -1.519366e+00 2.708987e+01 3.291698e+01
      vertex   -2.587575e+00 2.603579e+01 3.339766e+01
      vertex   -1.484939e+00 2.705724e+01 3.339766e+01
    endloop
  endfacet
  facet normal -6.763131e-01 7.300666e-01 -9.799721e-02
    outer loop
      vertex   -1.484939e+00 2.705724e+01 3.339766e+01
      vertex   -2.587575e+00 2.603579e+01 3.339766e+01
      vertex   -1.519366e+00 2.708987e+01 3.387834e+01
    endloop
  endfacet
  facet normal -6.763135e-01 7.300663e-01 -9.799567e-02
    outer loop
      vertex   -1.519366e+00 2.708987e+01 3.387834e+01
      vertex   -2.587575e+00 2.603579e+01 3.339766e+01
      vertex   -2.621916e+00 2.606849e+01 3.387833e+01
    endloop
  endfacet
  facet normal -6.508579e-01 7.025889e-01 -2.876680e-01
    outer loop
      vertex   -1.519366e+00 2.708987e+01 3.387834e+01
      vertex   -2.621916e+00 2.606849e+01 3.387833e+01
      vertex   -1.623039e+00 2.718878e+01 3.435449e+01
    endloop
  endfacet
  facet normal -6.508594e-01 7.025888e-01 -2.876647e-01
    outer loop
      vertex   -1.623039e+00 2.718878e+01 3.435449e+01
      vertex   -2.621916e+00 2.606849e+01 3.387833e+01
      vertex   -2.725343e+00 2.616763e+01 3.435448e+01
    endloop
  endfacet
  facet normal -5.984326e-01 6.459971e-01 -4.738840e-01
    outer loop
      vertex   -1.623039e+00 2.718878e+01 3.435449e+01
      vertex   -2.725343e+00 2.616763e+01 3.435448e+01
      vertex   -1.792968e+00 2.735247e+01 3.479223e+01
    endloop
  endfacet
  facet normal -5.984344e-01 6.459975e-01 -4.738813e-01
    outer loop
      vertex   -1.792968e+00 2.735247e+01 3.479223e+01
      vertex   -2.725343e+00 2.616763e+01 3.435448e+01
      vertex   -2.894903e+00 2.633167e+01 3.479222e+01
    endloop
  endfacet
  facet normal -5.252991e-01 5.670507e-01 -6.344402e-01
    outer loop
      vertex   -1.792968e+00 2.735247e+01 3.479223e+01
      vertex   -2.894903e+00 2.633167e+01 3.479222e+01
      vertex   -2.012373e+00 2.756678e+01 3.516543e+01
    endloop
  endfacet
  facet normal -5.253001e-01 5.670510e-01 -6.344391e-01
    outer loop
      vertex   -2.012373e+00 2.756678e+01 3.516543e+01
      vertex   -2.894903e+00 2.633167e+01 3.479222e+01
      vertex   -3.113887e+00 2.654636e+01 3.516543e+01
    endloop
  endfacet
  facet normal -4.311557e-01 4.654240e-01 -7.729717e-01
    outer loop
      vertex   -2.012373e+00 2.756678e+01 3.516543e+01
      vertex   -3.113887e+00 2.654636e+01 3.516543e+01
      vertex   -2.277226e+00 2.783015e+01 3.547174e+01
    endloop
  endfacet
  facet normal -4.311546e-01 4.654235e-01 -7.729726e-01
    outer loop
      vertex   -2.277226e+00 2.783015e+01 3.547174e+01
      vertex   -3.113887e+00 2.654636e+01 3.516543e+01
      vertex   -3.378322e+00 2.681013e+01 3.547175e+01
    endloop
  endfacet
  facet normal -3.220445e-01 3.476401e-01 -8.805871e-01
    outer loop
      vertex   -2.277226e+00 2.783015e+01 3.547174e+01
      vertex   -3.378322e+00 2.681013e+01 3.547175e+01
      vertex   -2.584536e+00 2.814216e+01 3.570731e+01
    endloop
  endfacet
  facet normal -3.220419e-01 3.476388e-01 -8.805886e-01
    outer loop
      vertex   -2.584536e+00 2.814216e+01 3.570731e+01
      vertex   -3.378322e+00 2.681013e+01 3.547175e+01
      vertex   -3.685266e+00 2.712249e+01 3.570731e+01
    endloop
  endfacet
  facet normal -1.954952e-01 2.110322e-01 -9.577302e-01
    outer loop
      vertex   -2.584536e+00 2.814216e+01 3.570731e+01
      vertex   -3.685266e+00 2.712249e+01 3.570731e+01
      vertex   -2.914589e+00 2.848548e+01 3.585033e+01
    endloop
  endfacet
  facet normal -1.954921e-01 2.110306e-01 -9.577311e-01
    outer loop
      vertex   -2.914589e+00 2.848548e+01 3.585033e+01
      vertex   -3.685266e+00 2.712249e+01 3.570731e+01
      vertex   -4.015075e+00 2.746603e+01 3.585033e+01
    endloop
  endfacet
  facet normal -6.659774e-02 7.189021e-02 -9.951867e-01
    outer loop
      vertex   -2.914589e+00 2.848548e+01 3.585033e+01
      vertex   -4.015075e+00 2.746603e+01 3.585033e+01
      vertex   -3.243508e+00 2.883601e+01 3.589766e+01
    endloop
  endfacet
  facet normal -6.659632e-02 7.188941e-02 -9.951868e-01
    outer loop
      vertex   -3.243508e+00 2.883601e+01 3.589766e+01
      vertex   -4.015075e+00 2.746603e+01 3.585033e+01
      vertex   -4.343904e+00 2.781664e+01 3.589766e+01
    endloop
  endfacet
  facet normal 6.659632e-02 -7.188941e-02 -9.951868e-01
    outer loop
      vertex   -3.243508e+00 2.883601e+01 3.589766e+01
      vertex   -4.343904e+00 2.781664e+01 3.589766e+01
      vertex   -4.668391e+00 2.817127e+01 3.585033e+01
    endloop
  endfacet
  facet normal 6.659701e-02 -7.189089e-02 -9.951867e-01
    outer loop
      vertex   -3.243508e+00 2.883601e+01 3.589766e+01
      vertex   -4.668391e+00 2.817127e+01 3.585033e+01
      vertex   -3.567915e+00 2.919073e+01 3.585033e+01
    endloop
  endfacet
  facet normal 1.954928e-01 -2.110299e-01 -9.577311e-01
    outer loop
      vertex   -3.567915e+00 2.919073e+01 3.585033e+01
      vertex   -4.668391e+00 2.817127e+01 3.585033e+01
      vertex   -4.985749e+00 2.852634e+01 3.570731e+01
    endloop
  endfacet
  facet normal 1.954942e-01 -2.110331e-01 -9.577302e-01
    outer loop
      vertex   -3.567915e+00 2.919073e+01 3.585033e+01
      vertex   -4.985749e+00 2.852634e+01 3.570731e+01
      vertex   -3.885031e+00 2.954602e+01 3.570731e+01
    endloop
  endfacet
  facet normal 3.220429e-01 -3.476379e-01 -8.805886e-01
    outer loop
      vertex   -3.885031e+00 2.954602e+01 3.570731e+01
      vertex   -4.985749e+00 2.852634e+01 3.570731e+01
      vertex   -5.273766e+00 2.885623e+01 3.547175e+01
    endloop
  endfacet
  facet normal 3.220440e-01 -3.476407e-01 -8.805871e-01
    outer loop
      vertex   -3.885031e+00 2.954602e+01 3.570731e+01
      vertex   -5.273766e+00 2.885623e+01 3.547175e+01
      vertex   -4.172677e+00 2.987625e+01 3.547174e+01
    endloop
  endfacet
  facet normal 4.311553e-01 -4.654229e-01 -7.729726e-01
    outer loop
      vertex   -4.172677e+00 2.987625e+01 3.547174e+01
      vertex   -5.273766e+00 2.885623e+01 3.547175e+01
      vertex   -5.516580e+00 2.914002e+01 3.516543e+01
    endloop
  endfacet
  facet normal 4.311557e-01 -4.654240e-01 -7.729717e-01
    outer loop
      vertex   -4.172677e+00 2.987625e+01 3.547174e+01
      vertex   -5.516580e+00 2.914002e+01 3.516543e+01
      vertex   -4.415066e+00 3.016044e+01 3.516543e+01
    endloop
  endfacet
  facet normal 5.253001e-01 -5.670510e-01 -6.344391e-01
    outer loop
      vertex   -4.415066e+00 3.016044e+01 3.516543e+01
      vertex   -5.516580e+00 2.914002e+01 3.516543e+01
      vertex   -5.713935e+00 2.937476e+01 3.479222e+01
    endloop
  endfacet
  facet normal 5.252998e-01 -5.670501e-01 -6.344402e-01
    outer loop
      vertex   -4.415066e+00 3.016044e+01 3.516543e+01
      vertex   -5.713935e+00 2.937476e+01 3.479222e+01
      vertex   -4.611996e+00 3.039556e+01 3.479223e+01
    endloop
  endfacet
  facet normal 5.984338e-01 -6.459980e-01 -4.738813e-01
    outer loop
      vertex   -4.611996e+00 3.039556e+01 3.479223e+01
      vertex   -5.713935e+00 2.937476e+01 3.479222e+01
      vertex   -5.864549e+00 2.955634e+01 3.435448e+01
    endloop
  endfacet
  facet normal 5.984336e-01 -6.459963e-01 -4.738840e-01
    outer loop
      vertex   -4.611996e+00 3.039556e+01 3.479223e+01
      vertex   -5.864549e+00 2.955634e+01 3.435448e+01
      vertex   -4.762239e+00 3.057749e+01 3.435449e+01
    endloop
  endfacet
  facet normal 6.508584e-01 -7.025897e-01 -2.876647e-01
    outer loop
      vertex   -4.762239e+00 3.057749e+01 3.435449e+01
      vertex   -5.864549e+00 2.955634e+01 3.435448e+01
      vertex   -5.955505e+00 2.966704e+01 3.387833e+01
    endloop
  endfacet
  facet normal 6.508586e-01 -7.025882e-01 -2.876680e-01
    outer loop
      vertex   -4.762239e+00 3.057749e+01 3.435449e+01
      vertex   -5.955505e+00 2.966704e+01 3.387833e+01
      vertex   -4.852953e+00 3.068841e+01 3.387834e+01
    endloop
  endfacet
  facet normal 6.763128e-01 -7.300670e-01 -9.799567e-02
    outer loop
      vertex   -4.852953e+00 3.068841e+01 3.387834e+01
      vertex   -5.955505e+00 2.966704e+01 3.387833e+01
      vertex   -5.985496e+00 2.970377e+01 3.339766e+01
    endloop
  endfacet
  facet normal 6.763131e-01 -7.300666e-01 -9.799721e-02
    outer loop
      vertex   -4.852953e+00 3.068841e+01 3.387834e+01
      vertex   -5.985496e+00 2.970377e+01 3.339766e+01
      vertex   -4.882860e+00 3.072523e+01 3.339766e+01
    endloop
  endfacet
  facet normal 6.763131e-01 -7.300666e-01 9.799721e-02
    outer loop
      vertex   -4.882860e+00 3.072523e+01 3.339766e+01
      vertex   -5.985496e+00 2.970377e+01 3.339766e+01
      vertex   -4.852953e+00 3.068841e+01 3.291698e+01
    endloop
  endfacet
  facet normal 6.763128e-01 -7.300670e-01 9.799567e-02
    outer loop
      vertex   -4.852953e+00 3.068841e+01 3.291698e+01
      vertex   -5.985496e+00 2.970377e+01 3.339766e+01
      vertex   -5.955505e+00 2.966704e+01 3.291699e+01
    endloop
  endfacet
  facet normal 6.508586e-01 -7.025882e-01 2.876680e-01
    outer loop
      vertex   -4.852953e+00 3.068841e+01 3.291698e+01
      vertex   -5.955505e+00 2.966704e+01 3.291699e+01
      vertex   -4.762239e+00 3.057749e+01 3.244083e+01
    endloop
  endfacet
  facet normal 6.508584e-01 -7.025897e-01 2.876647e-01
    outer loop
      vertex   -4.762239e+00 3.057749e+01 3.244083e+01
      vertex   -5.955505e+00 2.966704e+01 3.291699e+01
      vertex   -5.864549e+00 2.955634e+01 3.244084e+01
    endloop
  endfacet
  facet normal 5.984336e-01 -6.459963e-01 4.738840e-01
    outer loop
      vertex   -4.762239e+00 3.057749e+01 3.244083e+01
      vertex   -5.864549e+00 2.955634e+01 3.244084e+01
      vertex   -4.611996e+00 3.039556e+01 3.200309e+01
    endloop
  endfacet
  facet normal 5.984338e-01 -6.459980e-01 4.738813e-01
    outer loop
      vertex   -4.611996e+00 3.039556e+01 3.200309e+01
      vertex   -5.864549e+00 2.955634e+01 3.244084e+01
      vertex   -5.713935e+00 2.937476e+01 3.200310e+01
    endloop
  endfacet
  facet normal 5.252998e-01 -5.670501e-01 6.344402e-01
    outer loop
      vertex   -4.611996e+00 3.039556e+01 3.200309e+01
      vertex   -5.713935e+00 2.937476e+01 3.200310e+01
      vertex   -4.415066e+00 3.016044e+01 3.162989e+01
    endloop
  endfacet
  facet normal 5.253001e-01 -5.670510e-01 6.344391e-01
    outer loop
      vertex   -4.415066e+00 3.016044e+01 3.162989e+01
      vertex   -5.713935e+00 2.937476e+01 3.200310e+01
      vertex   -5.516580e+00 2.914002e+01 3.162989e+01
    endloop
  endfacet
  facet normal 4.311557e-01 -4.654240e-01 7.729717e-01
    outer loop
      vertex   -4.415066e+00 3.016044e+01 3.162989e+01
      vertex   -5.516580e+00 2.914002e+01 3.162989e+01
      vertex   -4.172677e+00 2.987625e+01 3.132358e+01
    endloop
  endfacet
  facet normal 4.311553e-01 -4.654229e-01 7.729726e-01
    outer loop
      vertex   -4.172677e+00 2.987625e+01 3.132358e+01
      vertex   -5.516580e+00 2.914002e+01 3.162989e+01
      vertex   -5.273766e+00 2.885623e+01 3.132357e+01
    endloop
  endfacet
  facet normal 3.220440e-01 -3.476407e-01 8.805871e-01
    outer loop
      vertex   -4.172677e+00 2.987625e+01 3.132358e+01
      vertex   -5.273766e+00 2.885623e+01 3.132357e+01
      vertex   -3.885031e+00 2.954602e+01 3.108801e+01
    endloop
  endfacet
  facet normal 3.220429e-01 -3.476379e-01 8.805886e-01
    outer loop
      vertex   -3.885031e+00 2.954602e+01 3.108801e+01
      vertex   -5.273766e+00 2.885623e+01 3.132357e+01
      vertex   -4.985749e+00 2.852634e+01 3.108801e+01
    endloop
  endfacet
  facet normal 1.954942e-01 -2.110331e-01 9.577302e-01
    outer loop
      vertex   -3.885031e+00 2.954602e+01 3.108801e+01
      vertex   -4.985749e+00 2.852634e+01 3.108801e+01
      vertex   -3.567915e+00 2.919073e+01 3.094499e+01
    endloop
  endfacet
  facet normal 1.954928e-01 -2.110299e-01 9.577311e-01
    outer loop
      vertex   -3.567915e+00 2.919073e+01 3.094499e+01
      vertex   -4.985749e+00 2.852634e+01 3.108801e+01
      vertex   -4.668391e+00 2.817127e+01 3.094499e+01
    endloop
  endfacet
  facet normal 6.659701e-02 -7.189089e-02 9.951867e-01
    outer loop
      vertex   -3.567915e+00 2.919073e+01 3.094499e+01
      vertex   -4.668391e+00 2.817127e+01 3.094499e+01
      vertex   -3.243508e+00 2.883601e+01 3.089766e+01
    endloop
  endfacet
  facet normal -7.172284e-01 -6.968382e-01 -0.000000e+00
    outer loop
      vertex   -1.666667e+00 2.518576e+01 3.800000e+01
      vertex   -1.666667e+00 2.518576e+01 2.800000e+01
      vertex   -1.178659e+00 2.468347e+01 3.800000e+01
    endloop
  endfacet
  facet normal -7.172284e-01 -6.968382e-01 -4.792076e-16
    outer loop
      vertex   -1.178659e+00 2.468347e+01 3.800000e+01
      vertex   -1.666667e+00 2.518576e+01 2.800000e+01
      vertex   -1.178659e+00 2.468347e+01 2.800000e+01
    endloop
  endfacet
  facet normal -8.075550e-01 -5.897922e-01 -4.011412e-16
    outer loop
      vertex   -1.178659e+00 2.468347e+01 3.800000e+01
      vertex   -1.178659e+00 2.468347e+01 2.800000e+01
      vertex   -7.656177e-01 2.411793e+01 3.800000e+01
    endloop
  endfacet
  facet normal -8.075550e-01 -5.897922e-01 -0.000000e+00
    outer loop
      vertex   -7.656177e-01 2.411793e+01 3.800000e+01
      vertex   -1.178659e+00 2.468347e+01 2.800000e+01
      vertex   -7.656177e-01 2.411793e+01 2.800000e+01
    endloop
  endfacet
  facet normal -8.820393e-01 -4.711758e-01 -0.000000e+00
    outer loop
      vertex   -7.656177e-01 2.411793e+01 3.800000e+01
      vertex   -7.656177e-01 2.411793e+01 2.800000e+01
      vertex   -4.356454e-01 2.350022e+01 3.800000e+01
    endloop
  endfacet
  facet normal -8.820393e-01 -4.711758e-01 -0.000000e+00
    outer loop
      vertex   -4.356454e-01 2.350022e+01 3.800000e+01
      vertex   -7.656177e-01 2.411793e+01 2.800000e+01
      vertex   -4.356454e-01 2.350022e+01 2.800000e+01
    endloop
  endfacet
  facet normal -9.392199e-01 -3.433161e-01 -0.000000e+00
    outer loop
      vertex   -4.356454e-01 2.350022e+01 3.800000e+01
      vertex   -4.356454e-01 2.350022e+01 2.800000e+01
      vertex   -1.952153e-01 2.284247e+01 3.800000e+01
    endloop
  endfacet
  facet normal -9.392199e-01 -3.433161e-01 -0.000000e+00
    outer loop
      vertex   -1.952153e-01 2.284247e+01 3.800000e+01
      vertex   -4.356454e-01 2.350022e+01 2.800000e+01
      vertex   -1.952153e-01 2.284247e+01 2.800000e+01
    endloop
  endfacet
  facet normal -9.779752e-01 -2.087212e-01 -0.000000e+00
    outer loop
      vertex   -1.952153e-01 2.284247e+01 3.800000e+01
      vertex   -1.952153e-01 2.284247e+01 2.800000e+01
      vertex   -4.904437e-02 2.215758e+01 3.800000e+01
    endloop
  endfacet
  facet normal -9.779752e-01 -2.087212e-01 1.357213e-17
    outer loop
      vertex   -4.904437e-02 2.215758e+01 3.800000e+01
      vertex   -1.952153e-01 2.284247e+01 2.800000e+01
      vertex   -4.904437e-02 2.215758e+01 2.800000e+01
    endloop
  endfacet
  facet normal -9.975448e-01 -7.003168e-02 1.384371e-17
    outer loop
      vertex   -4.904437e-02 2.215758e+01 3.800000e+01
      vertex   -4.904437e-02 2.215758e+01 2.800000e+01
      vertex   0.000000e+00 2.145898e+01 3.800000e+01
    endloop
  endfacet
  facet normal -9.975448e-01 -7.003168e-02 -0.000000e+00
    outer loop
      vertex   0.000000e+00 2.145898e+01 3.800000e+01
      vertex   -4.904437e-02 2.215758e+01 2.800000e+01
      vertex   0.000000e+00 2.145898e+01 2.800000e+01
    endloop
  endfacet
  facet normal -1.000000e+00 -0.000000e+00 -0.000000e+00
    outer loop
      vertex   0.000000e+00 2.145898e+01 3.800000e+01
      vertex   0.000000e+00 2.145898e+01 2.800000e+01
      vertex   0.000000e+00 2.100000e+01 3.800000e+01
    endloop
  endfacet
  facet normal -1.000000e+00 0.000000e+00 0.000000e+00
    outer loop
      vertex   0.000000e+00 2.100000e+01 3.800000e+01
      vertex   0.000000e+00 2.145898e+01 2.800000e+01
      vertex   0.000000e+00 2.100000e+01 8.000000e+00
    endloop
  endfacet
  facet normal -1.000000e+00 0.000000e+00 0.000000e+00
    outer loop
      vertex   0.000000e+00 2.100000e+01 8.000000e+00
      vertex   0.000000e+00 2.145898e+01 2.800000e+01
      vertex   0.000000e+00 2.500000e+01 2.800000e+01
    endloop
  endfacet
  facet normal -1.000000e+00 0.000000e+00 0.000000e+00
    outer loop
      vertex   0.000000e+00 2.100000e+01 8.000000e+00
      vertex   0.000000e+00 2.500000e+01 2.800000e+01
      vertex   0.000000e+00 2.500000e+01 0.000000e+00
    endloop
  endfacet
  facet normal -1.000000e+00 0.000000e+00 0.000000e+00
    outer loop
      vertex   0.000000e+00 0.000000e+00 0.000000e+00
      vertex   0.000000e+00 1.600000e+01 3.000000e+00
      vertex   0.000000e+00 2.500000e+01 0.000000e+00
    endloop
  endfacet
  facet normal -1.000000e+00 0.000000e+00 0.000000e+00
    outer loop
      vertex   0.000000e+00 2.500000e+01 0.000000e+00
      vertex   0.000000e+00 1.600000e+01 3.000000e+00
      vertex   0.000000e+00 1.678217e+01 3.061558e+00
    endloop
  endfacet
  facet normal -1.000000e+00 0.000000e+00 0.000000e+00
    outer loop
      vertex   0.000000e+00 2.500000e+01 0.000000e+00
      vertex   0.000000e+00 1.678217e+01 3.061558e+00
      vertex   0.000000e+00 1.754508e+01 3.244717e+00
    endloop
  endfacet
  facet normal -1.000000e+00 0.000000e+00 0.000000e+00
    outer loop
      vertex   0.000000e+00 0.000000e+00 0.000000e+00
      vertex   0.000000e+00 0.000000e+00 3.000000e+00
      vertex   0.000000e+00 1.600000e+01 3.000000e+00
    endloop
  endfacet
  facet normal -1.000000e+00 0.000000e+00 0.000000e+00
    outer loop
      vertex   0.000000e+00 1.754508e+01 3.244717e+00
      vertex   0.000000e+00 1.826995e+01 3.544967e+00
      vertex   0.000000e+00 2.500000e+01 0.000000e+00
    endloop
  endfacet
  facet normal -1.000000e+00 0.000000e+00 0.000000e+00
    outer loop
      vertex   0.000000e+00 2.500000e+01 0.000000e+00
      vertex   0.000000e+00 1.826995e+01 3.544967e+00
      vertex   0.000000e+00 1.893893e+01 3.954915e+00
    endloop
  endfacet
  facet normal -1.000000e+00 0.000000e+00 0.000000e+00
    outer loop
      vertex   0.000000e+00 2.500000e+01 0.000000e+00
      vertex   0.000000e+00 1.893893e+01 3.954915e+00
      vertex   0.000000e+00 1.953553e+01 4.464466e+00
    endloop
  endfacet
  facet normal -1.000000e+00 0.000000e+00 0.000000e+00
    outer loop
      vertex   0.000000e+00 1.953553e+01 4.464466e+00
      vertex   0.000000e+00 2.004508e+01 5.061074e+00
      vertex   0.000000e+00 2.500000e+01 0.000000e+00
    endloop
  endfacet
  facet normal -1.000000e+00 0.000000e+00 0.000000e+00
    outer loop
      vertex   0.000000e+00 2.500000e+01 0.000000e+00
      vertex   0.000000e+00 2.004508e+01 5.061074e+00
      vertex   0.000000e+00 2.045503e+01 5.730048e+00
    endloop
  endfacet
  facet normal -1.000000e+00 0.000000e+00 0.000000e+00
    outer loop
      vertex   0.000000e+00 2.500000e+01 0.000000e+00
      vertex   0.000000e+00 2.045503e+01 5.730048e+00
      vertex   0.000000e+00 2.075528e+01 6.454915e+00
    endloop
  endfacet
  facet normal -1.000000e+00 0.000000e+00 0.000000e+00
    outer loop
      vertex   0.000000e+00 2.075528e+01 6.454915e+00
      vertex   0.000000e+00 2.093844e+01 7.217828e+00
      vertex   0.000000e+00 2.500000e+01 0.000000e+00
    endloop
  endfacet
  facet normal -1.000000e+00 0.000000e+00 0.000000e+00
    outer loop
      vertex   0.000000e+00 2.500000e+01 0.000000e+00
      vertex   0.000000e+00 2.093844e+01 7.217828e+00
      vertex   0.000000e+00 2.100000e+01 8.000000e+00
    endloop
  endfacet
  facet normal 9.975448e-01 -7.003168e-02 0.000000e+00
    outer loop
      vertex   5.000000e+01 2.145898e+01 3.800000e+01
      vertex   5.000000e+01 2.145898e+01 2.800000e+01
      vertex   5.004904e+01 2.215758e+01 3.800000e+01
    endloop
  endfacet
  facet normal 9.975448e-01 -7.003168e-02 0.000000e+00
    outer loop
      vertex   5.004904e+01 2.215758e+01 3.800000e+01
      vertex   5.000000e+01 2.145898e+01 2.800000e+01
      vertex   5.004904e+01 2.215758e+01 2.800000e+01
    endloop
  endfacet
  facet normal 9.779752e-01 -2.087212e-01 0.000000e+00
    outer loop
      vertex   5.004904e+01 2.215758e+01 3.800000e+01
      vertex   5.004904e+01 2.215758e+01 2.800000e+01
      vertex   5.019522e+01 2.284247e+01 3.800000e+01
    endloop
  endfacet
  facet normal 9.779752e-01 -2.087212e-01 0.000000e+00
    outer loop
      vertex   5.019522e+01 2.284247e+01 3.800000e+01
      vertex   5.004904e+01 2.215758e+01 2.800000e+01
      vertex   5.019522e+01 2.284247e+01 2.800000e+01
    endloop
  endfacet
  facet normal 9.392199e-01 -3.433161e-01 0.000000e+00
    outer loop
      vertex   5.019522e+01 2.284247e+01 3.800000e+01
      vertex   5.019522e+01 2.284247e+01 2.800000e+01
      vertex   5.043565e+01 2.350022e+01 3.800000e+01
    endloop
  endfacet
  facet normal 9.392199e-01 -3.433161e-01 0.000000e+00
    outer loop
      vertex   5.043565e+01 2.350022e+01 3.800000e+01
      vertex   5.019522e+01 2.284247e+01 2.800000e+01
      vertex   5.043565e+01 2.350022e+01 2.800000e+01
    endloop
  endfacet
  facet normal 8.820393e-01 -4.711758e-01 0.000000e+00
    outer loop
      vertex   5.043565e+01 2.350022e+01 3.800000e+01
      vertex   5.043565e+01 2.350022e+01 2.800000e+01
      vertex   5.076562e+01 2.411793e+01 3.800000e+01
    endloop
  endfacet
  facet normal 8.820393e-01 -4.711758e-01 0.000000e+00
    outer loop
      vertex   5.076562e+01 2.411793e+01 3.800000e+01
      vertex   5.043565e+01 2.350022e+01 2.800000e+01
      vertex   5.076562e+01 2.411793e+01 2.800000e+01
    endloop
  endfacet
  facet normal 8.075550e-01 -5.897922e-01 0.000000e+00
    outer loop
      vertex   5.076562e+01 2.411793e+01 3.800000e+01
      vertex   5.076562e+01 2.411793e+01 2.800000e+01
      vertex   5.117866e+01 2.468347e+01 3.800000e+01
    endloop
  endfacet
  facet normal 8.075550e-01 -5.897922e-01 0.000000e+00
    outer loop
      vertex   5.117866e+01 2.468347e+01 3.800000e+01
      vertex   5.076562e+01 2.411793e+01 2.800000e+01
      vertex   5.117866e+01 2.468347e+01 2.800000e+01
    endloop
  endfacet
  facet normal 7.172284e-01 -6.968382e-01 0.000000e+00
    outer loop
      vertex   5.117866e+01 2.468347e+01 3.800000e+01
      vertex   5.117866e+01 2.468347e+01 2.800000e+01
      vertex   5.166667e+01 2.518576e+01 3.800000e+01
    endloop
  endfacet
  facet normal 7.172284e-01 -6.968382e-01 0.000000e+00
    outer loop
      vertex   5.166667e+01 2.518576e+01 3.800000e+01
      vertex   5.117866e+01 2.468347e+01 2.800000e+01
      vertex   5.166667e+01 2.518576e+01 2.800000e+01
    endloop
  endfacet
  facet normal 6.782613e-01 -7.348208e-01 0.000000e+00
    outer loop
      vertex   5.166667e+01 2.518576e+01 2.800000e+01
      vertex   5.258758e+01 2.603579e+01 3.339766e+01
      vertex   5.166667e+01 2.518576e+01 3.800000e+01
    endloop
  endfacet
  facet normal 6.813117e-01 -7.319926e-01 1.132748e-03
    outer loop
      vertex   5.166667e+01 2.518576e+01 3.800000e+01
      vertex   5.258758e+01 2.603579e+01 3.339766e+01
      vertex   5.262192e+01 2.606849e+01 3.387833e+01
    endloop
  endfacet
  facet normal 6.872937e-01 -7.263701e-01 3.723314e-03
    outer loop
      vertex   5.166667e+01 2.518576e+01 3.800000e+01
      vertex   5.262192e+01 2.606849e+01 3.387833e+01
      vertex   5.329560e+01 2.672707e+01 3.800000e+01
    endloop
  endfacet
  facet normal 6.692522e-01 -7.429768e-01 9.325658e-03
    outer loop
      vertex   5.329560e+01 2.672707e+01 3.800000e+01
      vertex   5.262192e+01 2.606849e+01 3.387833e+01
      vertex   5.272534e+01 2.616763e+01 3.435448e+01
    endloop
  endfacet
  facet normal 6.918546e-01 -7.220322e-01 2.575923e-03
    outer loop
      vertex   5.329560e+01 2.672707e+01 3.800000e+01
      vertex   5.272534e+01 2.616763e+01 3.435448e+01
      vertex   5.289490e+01 2.633167e+01 3.479222e+01
    endloop
  endfacet
  facet normal 6.816809e-01 -7.316488e-01 -1.082977e-03
    outer loop
      vertex   5.258758e+01 2.603579e+01 3.339766e+01
      vertex   5.166667e+01 2.518576e+01 2.800000e+01
      vertex   5.262192e+01 2.606849e+01 3.291699e+01
    endloop
  endfacet
  facet normal 6.872951e-01 -7.263716e-01 -3.121076e-03
    outer loop
      vertex   5.262192e+01 2.606849e+01 3.291699e+01
      vertex   5.166667e+01 2.518576e+01 2.800000e+01
      vertex   5.329560e+01 2.672707e+01 2.800000e+01
    endloop
  endfacet
  facet normal 6.794618e-01 -7.336926e-01 -5.174894e-03
    outer loop
      vertex   5.262192e+01 2.606849e+01 3.291699e+01
      vertex   5.329560e+01 2.672707e+01 2.800000e+01
      vertex   5.272534e+01 2.616763e+01 3.244084e+01
    endloop
  endfacet
  facet normal 6.927828e-01 -7.211439e-01 -1.883494e-03
    outer loop
      vertex   5.272534e+01 2.616763e+01 3.244084e+01
      vertex   5.329560e+01 2.672707e+01 2.800000e+01
      vertex   5.289490e+01 2.633167e+01 3.200310e+01
    endloop
  endfacet
  facet normal 6.996060e-01 -7.145286e-01 -5.471020e-04
    outer loop
      vertex   5.289490e+01 2.633167e+01 3.200310e+01
      vertex   5.329560e+01 2.672707e+01 2.800000e+01
      vertex   5.311389e+01 2.654636e+01 3.162989e+01
    endloop
  endfacet
  facet normal 7.062807e-01 -7.079319e-01 1.154298e-04
    outer loop
      vertex   5.311389e+01 2.654636e+01 3.162989e+01
      vertex   5.329560e+01 2.672707e+01 2.800000e+01
      vertex   5.337832e+01 2.681013e+01 3.132357e+01
    endloop
  endfacet
  facet normal 7.131743e-01 -7.009867e-01 -2.297312e-04
    outer loop
      vertex   5.337832e+01 2.681013e+01 3.132357e+01
      vertex   5.329560e+01 2.672707e+01 2.800000e+01
      vertex   5.368527e+01 2.712249e+01 3.108801e+01
    endloop
  endfacet
  facet normal 7.209068e-01 -6.930285e-01 -2.224510e-03
    outer loop
      vertex   5.368527e+01 2.712249e+01 3.108801e+01
      vertex   5.329560e+01 2.672707e+01 2.800000e+01
      vertex   5.401508e+01 2.746603e+01 3.094499e+01
    endloop
  endfacet
  facet normal 7.269156e-01 -6.867065e-01 -5.278813e-03
    outer loop
      vertex   5.401508e+01 2.746603e+01 3.094499e+01
      vertex   5.329560e+01 2.672707e+01 2.800000e+01
      vertex   5.483560e+01 2.835724e+01 2.800000e+01
    endloop
  endfacet
  facet normal 7.291275e-01 -6.843665e-01 -3.954407e-03
    outer loop
      vertex   5.401508e+01 2.746603e+01 3.094499e+01
      vertex   5.483560e+01 2.835724e+01 2.800000e+01
      vertex   5.434390e+01 2.781664e+01 3.089766e+01
    endloop
  endfacet
  facet normal 7.378163e-01 -6.750012e-01 -7.327856e-04
    outer loop
      vertex   5.434390e+01 2.781664e+01 3.089766e+01
      vertex   5.483560e+01 2.835724e+01 2.800000e+01
      vertex   5.466839e+01 2.817127e+01 3.094499e+01
    endloop
  endfacet
  facet normal 7.455418e-01 -6.664589e-01 2.452847e-04
    outer loop
      vertex   5.466839e+01 2.817127e+01 3.094499e+01
      vertex   5.483560e+01 2.835724e+01 2.800000e+01
      vertex   5.498575e+01 2.852634e+01 3.108801e+01
    endloop
  endfacet
  facet normal 7.535229e-01 -6.574213e-01 -6.376731e-04
    outer loop
      vertex   5.498575e+01 2.852634e+01 3.108801e+01
      vertex   5.483560e+01 2.835724e+01 2.800000e+01
      vertex   5.527377e+01 2.885623e+01 3.132357e+01
    endloop
  endfacet
  facet normal 7.614706e-01 -6.481922e-01 -3.071085e-03
    outer loop
      vertex   5.527377e+01 2.885623e+01 3.132357e+01
      vertex   5.483560e+01 2.835724e+01 2.800000e+01
      vertex   5.551658e+01 2.914002e+01 3.162989e+01
    endloop
  endfacet
  facet normal 7.642611e-01 -6.448926e-01 -4.306145e-03
    outer loop
      vertex   5.551658e+01 2.914002e+01 3.162989e+01
      vertex   5.483560e+01 2.835724e+01 2.800000e+01
      vertex   5.628182e+01 3.007115e+01 2.800000e+01
    endloop
  endfacet
  facet normal 7.674823e-01 -6.410647e-01 -2.645151e-03
    outer loop
      vertex   5.551658e+01 2.914002e+01 3.162989e+01
      vertex   5.628182e+01 3.007115e+01 2.800000e+01
      vertex   5.571394e+01 2.937476e+01 3.200310e+01
    endloop
  endfacet
  facet normal 7.712560e-01 -6.365237e-01 -1.319817e-03
    outer loop
      vertex   5.571394e+01 2.937476e+01 3.200310e+01
      vertex   5.628182e+01 3.007115e+01 2.800000e+01
      vertex   5.586455e+01 2.955634e+01 3.244084e+01
    endloop
  endfacet
  facet normal 7.740293e-01 -6.331494e-01 -6.680672e-04
    outer loop
      vertex   5.586455e+01 2.955634e+01 3.244084e+01
      vertex   5.628182e+01 3.007115e+01 2.800000e+01
      vertex   5.595551e+01 2.966704e+01 3.291699e+01
    endloop
  endfacet
  facet normal 7.763959e-01 -6.302455e-01 -2.723459e-04
    outer loop
      vertex   5.595551e+01 2.966704e+01 3.291699e+01
      vertex   5.628182e+01 3.007115e+01 2.800000e+01
      vertex   5.598550e+01 2.970377e+01 3.339766e+01
    endloop
  endfacet
  facet normal 7.783550e-01 -6.278244e-01 0.000000e+00
    outer loop
      vertex   5.598550e+01 2.970377e+01 3.339766e+01
      vertex   5.628182e+01 3.007115e+01 2.800000e+01
      vertex   5.628182e+01 3.007115e+01 3.800000e+01
    endloop
  endfacet
  facet normal 7.765433e-01 -6.300639e-01 2.954225e-04
    outer loop
      vertex   5.598550e+01 2.970377e+01 3.339766e+01
      vertex   5.628182e+01 3.007115e+01 3.800000e+01
      vertex   5.595551e+01 2.966704e+01 3.387833e+01
    endloop
  endfacet
  facet normal 7.742204e-01 -6.329156e-01 7.589249e-04
    outer loop
      vertex   5.595551e+01 2.966704e+01 3.387833e+01
      vertex   5.628182e+01 3.007115e+01 3.800000e+01
      vertex   5.586455e+01 2.955634e+01 3.435448e+01
    endloop
  endfacet
  facet normal 7.715100e-01 -6.362153e-01 1.535132e-03
    outer loop
      vertex   5.586455e+01 2.955634e+01 3.435448e+01
      vertex   5.628182e+01 3.007115e+01 3.800000e+01
      vertex   5.571394e+01 2.937476e+01 3.479222e+01
    endloop
  endfacet
  facet normal 7.678626e-01 -6.406069e-01 3.134247e-03
    outer loop
      vertex   5.571394e+01 2.937476e+01 3.479222e+01
      vertex   5.628182e+01 3.007115e+01 3.800000e+01
      vertex   5.551658e+01 2.914002e+01 3.516543e+01
    endloop
  endfacet
  facet normal 7.642566e-01 -6.448888e-01 5.514324e-03
    outer loop
      vertex   5.551658e+01 2.914002e+01 3.516543e+01
      vertex   5.628182e+01 3.007115e+01 3.800000e+01
      vertex   5.483560e+01 2.835724e+01 3.800000e+01
    endloop
  endfacet
  facet normal 7.621213e-01 -6.474199e-01 4.302351e-03
    outer loop
      vertex   5.551658e+01 2.914002e+01 3.516543e+01
      vertex   5.483560e+01 2.835724e+01 3.800000e+01
      vertex   5.527377e+01 2.885623e+01 3.547175e+01
    endloop
  endfacet
  facet normal 7.536054e-01 -6.573265e-01 8.712715e-04
    outer loop
      vertex   5.527377e+01 2.885623e+01 3.547175e+01
      vertex   5.483560e+01 2.835724e+01 3.800000e+01
      vertex   5.498575e+01 2.852634e+01 3.570731e+01
    endloop
  endfacet
  facet normal 7.455242e-01 -6.664785e-01 -3.329699e-04
    outer loop
      vertex   5.498575e+01 2.852634e+01 3.570731e+01
      vertex   5.483560e+01 2.835724e+01 3.800000e+01
      vertex   5.466839e+01 2.817127e+01 3.585033e+01
    endloop
  endfacet
  facet normal 7.378339e-01 -6.749816e-01 1.000826e-03
    outer loop
      vertex   5.466839e+01 2.817127e+01 3.585033e+01
      vertex   5.483560e+01 2.835724e+01 3.800000e+01
      vertex   5.434390e+01 2.781664e+01 3.589766e+01
    endloop
  endfacet
  facet normal 7.290178e-01 -6.844727e-01 5.503340e-03
    outer loop
      vertex   5.434390e+01 2.781664e+01 3.589766e+01
      vertex   5.483560e+01 2.835724e+01 3.800000e+01
      vertex   5.401508e+01 2.746603e+01 3.585033e+01
    endloop
  endfacet
  facet normal 7.269067e-01 -6.866981e-01 7.231743e-03
    outer loop
      vertex   5.401508e+01 2.746603e+01 3.585033e+01
      vertex   5.483560e+01 2.835724e+01 3.800000e+01
      vertex   5.329560e+01 2.672707e+01 3.800000e+01
    endloop
  endfacet
  facet normal 7.207557e-01 -6.931829e-01 2.943868e-03
    outer loop
      vertex   5.401508e+01 2.746603e+01 3.585033e+01
      vertex   5.329560e+01 2.672707e+01 3.800000e+01
      vertex   5.368527e+01 2.712249e+01 3.570731e+01
    endloop
  endfacet
  facet normal 7.131477e-01 -7.010137e-01 3.002399e-04
    outer loop
      vertex   5.368527e+01 2.712249e+01 3.570731e+01
      vertex   5.329560e+01 2.672707e+01 3.800000e+01
      vertex   5.337832e+01 2.681013e+01 3.547175e+01
    endloop
  endfacet
  facet normal 7.063010e-01 -7.079117e-01 -1.504106e-04
    outer loop
      vertex   5.337832e+01 2.681013e+01 3.547175e+01
      vertex   5.329560e+01 2.672707e+01 3.800000e+01
      vertex   5.311389e+01 2.654636e+01 3.516543e+01
    endloop
  endfacet
  facet normal 6.994559e-01 -7.146754e-01 7.195832e-04
    outer loop
      vertex   5.311389e+01 2.654636e+01 3.516543e+01
      vertex   5.329560e+01 2.672707e+01 3.800000e+01
      vertex   5.289490e+01 2.633167e+01 3.479222e+01
    endloop
  endfacet
  facet normal 7.992084e-01 -6.010540e-01 0.000000e+00
    outer loop
      vertex   5.628182e+01 3.007115e+01 3.800000e+01
      vertex   5.628182e+01 3.007115e+01 2.800000e+01
      vertex   5.762972e+01 3.186342e+01 3.800000e+01
    endloop
  endfacet
  facet normal 7.992084e-01 -6.010540e-01 0.000000e+00
    outer loop
      vertex   5.762972e+01 3.186342e+01 3.800000e+01
      vertex   5.628182e+01 3.007115e+01 2.800000e+01
      vertex   5.762972e+01 3.186342e+01 2.800000e+01
    endloop
  endfacet
  facet normal 8.316366e-01 -5.553203e-01 0.000000e+00
    outer loop
      vertex   5.762972e+01 3.186342e+01 3.800000e+01
      vertex   5.762972e+01 3.186342e+01 2.800000e+01
      vertex   5.887506e+01 3.372841e+01 3.800000e+01
    endloop
  endfacet
  facet normal 8.316366e-01 -5.553203e-01 0.000000e+00
    outer loop
      vertex   5.887506e+01 3.372841e+01 3.800000e+01
      vertex   5.762972e+01 3.186342e+01 2.800000e+01
      vertex   5.887506e+01 3.372841e+01 2.800000e+01
    endloop
  endfacet
  facet normal 8.614508e-01 -5.078411e-01 0.000000e+00
    outer loop
      vertex   5.887506e+01 3.372841e+01 3.800000e+01
      vertex   5.887506e+01 3.372841e+01 2.800000e+01
      vertex   6.001392e+01 3.566026e+01 3.800000e+01
    endloop
  endfacet
  facet normal 8.614508e-01 -5.078411e-01 0.000000e+00
    outer loop
      vertex   6.001392e+01 3.566026e+01 3.800000e+01
      vertex   5.887506e+01 3.372841e+01 2.800000e+01
      vertex   6.001392e+01 3.566026e+01 2.800000e+01
    endloop
  endfacet
  facet normal 8.885573e-01 -4.587657e-01 0.000000e+00
    outer loop
      vertex   6.001392e+01 3.566026e+01 3.800000e+01
      vertex   6.001392e+01 3.566026e+01 2.800000e+01
      vertex   6.104273e+01 3.765290e+01 3.800000e+01
    endloop
  endfacet
  facet normal 8.885573e-01 -4.587657e-01 0.000000e+00
    outer loop
      vertex   6.104273e+01 3.765290e+01 3.800000e+01
      vertex   6.001392e+01 3.566026e+01 2.800000e+01
      vertex   6.104273e+01 3.765290e+01 2.800000e+01
    endloop
  endfacet
  facet normal 9.128709e-01 -4.082483e-01 0.000000e+00
    outer loop
      vertex   6.104273e+01 3.765290e+01 3.800000e+01
      vertex   6.104273e+01 3.765290e+01 2.800000e+01
      vertex   6.195825e+01 3.970007e+01 3.800000e+01
    endloop
  endfacet
  facet normal 9.128709e-01 -4.082483e-01 0.000000e+00
    outer loop
      vertex   6.195825e+01 3.970007e+01 3.800000e+01
      vertex   6.104273e+01 3.765290e+01 2.800000e+01
      vertex   6.195825e+01 3.970007e+01 2.800000e+01
    endloop
  endfacet
  facet normal 9.343153e-01 -3.564477e-01 0.000000e+00
    outer loop
      vertex   6.195825e+01 3.970007e+01 3.800000e+01
      vertex   6.195825e+01 3.970007e+01 2.800000e+01
      vertex   6.275760e+01 4.179532e+01 3.800000e+01
    endloop
  endfacet
  facet normal 9.343153e-01 -3.564477e-01 0.000000e+00
    outer loop
      vertex   6.275760e+01 4.179532e+01 3.800000e+01
      vertex   6.195825e+01 3.970007e+01 2.800000e+01
      vertex   6.275760e+01 4.179532e+01 2.800000e+01
    endloop
  endfacet
  facet normal 9.528229e-01 -3.035267e-01 0.000000e+00
    outer loop
      vertex   6.275760e+01 4.179532e+01 3.800000e+01
      vertex   6.275760e+01 4.179532e+01 2.800000e+01
      vertex   6.343828e+01 4.393208e+01 3.800000e+01
    endloop
  endfacet
  facet normal 9.528229e-01 -3.035267e-01 0.000000e+00
    outer loop
      vertex   6.343828e+01 4.393208e+01 3.800000e+01
      vertex   6.275760e+01 4.179532e+01 2.800000e+01
      vertex   6.343828e+01 4.393208e+01 2.800000e+01
    endloop
  endfacet
  facet normal 9.683357e-01 -2.496518e-01 0.000000e+00
    outer loop
      vertex   6.343828e+01 4.393208e+01 3.800000e+01
      vertex   6.343828e+01 4.393208e+01 2.800000e+01
      vertex   6.399814e+01 4.610363e+01 3.800000e+01
    endloop
  endfacet
  facet normal 9.683357e-01 -2.496518e-01 5.321647e-16
    outer loop
      vertex   6.399814e+01 4.610363e+01 3.800000e+01
      vertex   6.343828e+01 4.393208e+01 2.800000e+01
      vertex   6.399814e+01 4.610363e+01 2.800000e+01
    endloop
  endfacet
  facet normal 9.777990e-01 -2.095449e-01 4.466718e-16
    outer loop
      vertex   6.399814e+01 4.610363e+01 3.800000e+01
      vertex   6.399814e+01 4.610363e+01 2.800000e+01
      vertex   6.421900e+01 4.713423e+01 3.361649e+01
    endloop
  endfacet
  facet normal 9.787382e-01 -2.051119e-01 -8.503685e-04
    outer loop
      vertex   6.421900e+01 4.713423e+01 3.361649e+01
      vertex   6.399814e+01 4.610363e+01 2.800000e+01
      vertex   6.422832e+01 4.718073e+01 3.313581e+01
    endloop
  endfacet
  facet normal 9.808002e-01 -1.949911e-01 -3.065364e-03
    outer loop
      vertex   6.422832e+01 4.718073e+01 3.313581e+01
      vertex   6.399814e+01 4.610363e+01 2.800000e+01
      vertex   6.443542e+01 4.830314e+01 2.800000e+01
    endloop
  endfacet
  facet normal 9.737326e-01 -2.274549e-01 -1.044512e-02
    outer loop
      vertex   6.422832e+01 4.718073e+01 3.313581e+01
      vertex   6.443542e+01 4.830314e+01 2.800000e+01
      vertex   6.425605e+01 4.732129e+01 3.265966e+01
    endloop
  endfacet
  facet normal 9.807698e-01 -1.951391e-01 -3.364938e-03
    outer loop
      vertex   6.425605e+01 4.732129e+01 3.265966e+01
      vertex   6.443542e+01 4.830314e+01 2.800000e+01
      vertex   6.430064e+01 4.755296e+01 3.222192e+01
    endloop
  endfacet
  facet normal 9.829182e-01 -1.840380e-01 -1.323845e-03
    outer loop
      vertex   6.430064e+01 4.755296e+01 3.222192e+01
      vertex   6.443542e+01 4.830314e+01 2.800000e+01
      vertex   6.435660e+01 4.785449e+01 3.184872e+01
    endloop
  endfacet
  facet normal 9.847334e-01 -1.740691e-01 -1.245766e-04
    outer loop
      vertex   6.435660e+01 4.785449e+01 3.184872e+01
      vertex   6.443542e+01 4.830314e+01 2.800000e+01
      vertex   6.442157e+01 4.822229e+01 3.154240e+01
    endloop
  endfacet
  facet normal 9.864521e-01 -1.640497e-01 1.108188e-04
    outer loop
      vertex   6.442157e+01 4.822229e+01 3.154240e+01
      vertex   6.443542e+01 4.830314e+01 2.800000e+01
      vertex   6.449344e+01 4.865428e+01 3.130683e+01
    endloop
  endfacet
  facet normal 9.882347e-01 -1.529412e-01 -1.100029e-03
    outer loop
      vertex   6.449344e+01 4.865428e+01 3.130683e+01
      vertex   6.443542e+01 4.830314e+01 2.800000e+01
      vertex   6.456612e+01 4.912493e+01 3.116382e+01
    endloop
  endfacet
  facet normal 9.899323e-01 -1.414810e-01 -4.146920e-03
    outer loop
      vertex   6.456612e+01 4.912493e+01 3.116382e+01
      vertex   6.443542e+01 4.830314e+01 2.800000e+01
      vertex   6.463393e+01 4.960080e+01 3.111649e+01
    endloop
  endfacet
  facet normal 9.901793e-01 -1.397178e-01 -4.896804e-03
    outer loop
      vertex   6.463393e+01 4.960080e+01 3.111649e+01
      vertex   6.443542e+01 4.830314e+01 2.800000e+01
      vertex   6.474874e+01 5.052370e+01 2.800000e+01
    endloop
  endfacet
  facet normal 9.916794e-01 -1.287220e-01 -1.585310e-03
    outer loop
      vertex   6.463393e+01 4.960080e+01 3.111649e+01
      vertex   6.474874e+01 5.052370e+01 2.800000e+01
      vertex   6.469588e+01 5.007747e+01 3.116382e+01
    endloop
  endfacet
  facet normal 9.930946e-01 -1.173163e-01 4.699119e-05
    outer loop
      vertex   6.469588e+01 5.007747e+01 3.116382e+01
      vertex   6.474874e+01 5.052370e+01 2.800000e+01
      vertex   6.475174e+01 5.055041e+01 3.130683e+01
    endloop
  endfacet
  facet normal 9.943971e-01 -1.057087e-01 -4.796067e-05
    outer loop
      vertex   6.475174e+01 5.055041e+01 3.130683e+01
      vertex   6.474874e+01 5.052370e+01 2.800000e+01
      vertex   6.479805e+01 5.098588e+01 3.154240e+01
    endloop
  endfacet
  facet normal 9.955199e-01 -9.453957e-02 -1.520860e-03
    outer loop
      vertex   6.479805e+01 5.098588e+01 3.154240e+01
      vertex   6.474874e+01 5.052370e+01 2.800000e+01
      vertex   6.483382e+01 5.135766e+01 3.184872e+01
    endloop
  endfacet
  facet normal 9.964578e-01 -8.400713e-02 -3.823837e-03
    outer loop
      vertex   6.483382e+01 5.135766e+01 3.184872e+01
      vertex   6.474874e+01 5.052370e+01 2.800000e+01
      vertex   6.493714e+01 5.275833e+01 2.800000e+01
    endloop
  endfacet
  facet normal 9.965433e-01 -8.300256e-02 -3.455949e-03
    outer loop
      vertex   6.483382e+01 5.135766e+01 3.184872e+01
      vertex   6.493714e+01 5.275833e+01 2.800000e+01
      vertex   6.486056e+01 5.166317e+01 3.222192e+01
    endloop
  endfacet
  facet normal 9.970269e-01 -7.703117e-02 -1.898218e-03
    outer loop
      vertex   6.486056e+01 5.166317e+01 3.222192e+01
      vertex   6.493714e+01 5.275833e+01 2.800000e+01
      vertex   6.487956e+01 5.189832e+01 3.265966e+01
    endloop
  endfacet
  facet normal 9.973699e-01 -7.247190e-02 -1.052506e-03
    outer loop
      vertex   6.487956e+01 5.189832e+01 3.265966e+01
      vertex   6.493714e+01 5.275833e+01 2.800000e+01
      vertex   6.489045e+01 5.204118e+01 3.313581e+01
    endloop
  endfacet
  facet normal 9.976721e-01 -6.819198e-02 -4.521247e-04
    outer loop
      vertex   6.489045e+01 5.204118e+01 3.313581e+01
      vertex   6.493714e+01 5.275833e+01 2.800000e+01
      vertex   6.489390e+01 5.208848e+01 3.361649e+01
    endloop
  endfacet
  facet normal 9.979231e-01 -6.441725e-02 0.000000e+00
    outer loop
      vertex   6.489390e+01 5.208848e+01 3.361649e+01
      vertex   6.493714e+01 5.275833e+01 2.800000e+01
      vertex   6.493714e+01 5.275833e+01 3.800000e+01
    endloop
  endfacet
  facet normal 9.977064e-01 -6.768808e-02 5.019556e-04
    outer loop
      vertex   6.489390e+01 5.208848e+01 3.361649e+01
      vertex   6.493714e+01 5.275833e+01 3.800000e+01
      vertex   6.489045e+01 5.204118e+01 3.409716e+01
    endloop
  endfacet
  facet normal 9.974191e-01 -7.178813e-02 1.258778e-03
    outer loop
      vertex   6.489045e+01 5.204118e+01 3.409716e+01
      vertex   6.493714e+01 5.275833e+01 3.800000e+01
      vertex   6.487956e+01 5.189832e+01 3.457331e+01
    endloop
  endfacet
  facet normal 9.970921e-01 -7.616958e-02 2.363892e-03
    outer loop
      vertex   6.487956e+01 5.189832e+01 3.457331e+01
      vertex   6.493714e+01 5.275833e+01 3.800000e+01
      vertex   6.486056e+01 5.166317e+01 3.501105e+01
    endloop
  endfacet
  facet normal 9.966383e-01 -8.180730e-02 4.441185e-03
    outer loop
      vertex   6.486056e+01 5.166317e+01 3.501105e+01
      vertex   6.493714e+01 5.275833e+01 3.800000e+01
      vertex   6.483382e+01 5.135766e+01 3.538425e+01
    endloop
  endfacet
  facet normal 9.964493e-01 -8.400641e-02 5.626210e-03
    outer loop
      vertex   6.483382e+01 5.135766e+01 3.538425e+01
      vertex   6.493714e+01 5.275833e+01 3.800000e+01
      vertex   6.474874e+01 5.052370e+01 3.800000e+01
    endloop
  endfacet
  facet normal 9.955931e-01 -9.374536e-02 2.493334e-03
    outer loop
      vertex   6.483382e+01 5.135766e+01 3.538425e+01
      vertex   6.474874e+01 5.052370e+01 3.800000e+01
      vertex   6.479805e+01 5.098588e+01 3.569057e+01
    endloop
  endfacet
  facet normal 9.943988e-01 -1.056933e-01 7.667488e-05
    outer loop
      vertex   6.479805e+01 5.098588e+01 3.569057e+01
      vertex   6.474874e+01 5.052370e+01 3.800000e+01
      vertex   6.475174e+01 5.055041e+01 3.592614e+01
    endloop
  endfacet
  facet normal 9.930936e-01 -1.173247e-01 -7.503798e-05
    outer loop
      vertex   6.475174e+01 5.055041e+01 3.592614e+01
      vertex   6.474874e+01 5.052370e+01 3.800000e+01
      vertex   6.469588e+01 5.007747e+01 3.606915e+01
    endloop
  endfacet
  facet normal 9.916899e-01 -1.286251e-01 2.574951e-03
    outer loop
      vertex   6.469588e+01 5.007747e+01 3.606915e+01
      vertex   6.474874e+01 5.052370e+01 3.800000e+01
      vertex   6.463393e+01 4.960080e+01 3.611649e+01
    endloop
  endfacet
  facet normal 9.901586e-01 -1.397149e-01 8.102143e-03
    outer loop
      vertex   6.463393e+01 4.960080e+01 3.611649e+01
      vertex   6.474874e+01 5.052370e+01 3.800000e+01
      vertex   6.443542e+01 4.830314e+01 3.800000e+01
    endloop
  endfacet
  facet normal 9.898832e-01 -1.417266e-01 6.687121e-03
    outer loop
      vertex   6.463393e+01 4.960080e+01 3.611649e+01
      vertex   6.443542e+01 4.830314e+01 3.800000e+01
      vertex   6.456612e+01 4.912493e+01 3.606915e+01
    endloop
  endfacet
  facet normal 9.882052e-01 -1.531257e-01 1.721975e-03
    outer loop
      vertex   6.456612e+01 4.912493e+01 3.606915e+01
      vertex   6.443542e+01 4.830314e+01 3.800000e+01
      vertex   6.449344e+01 4.865428e+01 3.592614e+01
    endloop
  endfacet
  facet normal 9.864574e-01 -1.640177e-01 -1.711358e-04
    outer loop
      vertex   6.449344e+01 4.865428e+01 3.592614e+01
      vertex   6.443542e+01 4.830314e+01 3.800000e+01
      vertex   6.442157e+01 4.822229e+01 3.569057e+01
    endloop
  endfacet
  facet normal 9.847236e-01 -1.741244e-01 1.930818e-04
    outer loop
      vertex   6.442157e+01 4.822229e+01 3.569057e+01
      vertex   6.443542e+01 4.830314e+01 3.800000e+01
      vertex   6.435660e+01 4.785449e+01 3.538425e+01
    endloop
  endfacet
  facet normal 9.827391e-01 -1.849848e-01 2.115650e-03
    outer loop
      vertex   6.435660e+01 4.785449e+01 3.538425e+01
      vertex   6.443542e+01 4.830314e+01 3.800000e+01
      vertex   6.430064e+01 4.755296e+01 3.501105e+01
    endloop
  endfacet
  facet normal 9.797922e-01 -1.999282e-01 5.999062e-03
    outer loop
      vertex   6.430064e+01 4.755296e+01 3.501105e+01
      vertex   6.443542e+01 4.830314e+01 3.800000e+01
      vertex   6.425605e+01 4.732129e+01 3.457331e+01
    endloop
  endfacet
  facet normal 8.218196e-01 -5.576541e-01 1.167666e-01
    outer loop
      vertex   6.425605e+01 4.732129e+01 3.457331e+01
      vertex   6.443542e+01 4.830314e+01 3.800000e+01
      vertex   6.422832e+01 4.718073e+01 3.409716e+01
    endloop
  endfacet
  facet normal 9.807968e-01 -1.949905e-01 4.033749e-03
    outer loop
      vertex   6.422832e+01 4.718073e+01 3.409716e+01
      vertex   6.443542e+01 4.830314e+01 3.800000e+01
      vertex   6.399814e+01 4.610363e+01 3.800000e+01
    endloop
  endfacet
  facet normal 9.785932e-01 -2.058022e-01 9.199573e-04
    outer loop
      vertex   6.422832e+01 4.718073e+01 3.409716e+01
      vertex   6.399814e+01 4.610363e+01 3.800000e+01
      vertex   6.421900e+01 4.713423e+01 3.361649e+01
    endloop
  endfacet
  facet normal 9.996070e-01 -2.803195e-02 0.000000e+00
    outer loop
      vertex   6.500000e+01 5.500000e+01 2.800000e+01
      vertex   6.500000e+01 5.500000e+01 3.800000e+01
      vertex   6.493714e+01 5.275833e+01 2.800000e+01
    endloop
  endfacet
  facet normal 9.996070e-01 -2.803195e-02 0.000000e+00
    outer loop
      vertex   6.493714e+01 5.275833e+01 2.800000e+01
      vertex   6.500000e+01 5.500000e+01 3.800000e+01
      vertex   6.493714e+01 5.275833e+01 3.800000e+01
    endloop
  endfacet
  facet normal -1.322746e-02 -9.709888e-02 -9.951868e-01
    outer loop
      vertex   6.469588e+01 5.007747e+01 3.606915e+01
      vertex   6.463393e+01 4.960080e+01 3.611649e+01
      vertex   6.314766e+01 4.980327e+01 3.611649e+01
    endloop
  endfacet
  facet normal 1.322746e-02 9.709888e-02 -9.951868e-01
    outer loop
      vertex   6.314766e+01 4.980327e+01 3.611649e+01
      vertex   6.463393e+01 4.960080e+01 3.611649e+01
      vertex   6.456612e+01 4.912493e+01 3.606915e+01
    endloop
  endfacet
  facet normal 1.322817e-02 9.710034e-02 -9.951867e-01
    outer loop
      vertex   6.314766e+01 4.980327e+01 3.611649e+01
      vertex   6.456612e+01 4.912493e+01 3.606915e+01
      vertex   6.307973e+01 4.932740e+01 3.606915e+01
    endloop
  endfacet
  facet normal 3.882852e-02 2.850323e-01 -9.577311e-01
    outer loop
      vertex   6.307973e+01 4.932740e+01 3.606915e+01
      vertex   6.456612e+01 4.912493e+01 3.606915e+01
      vertex   6.449344e+01 4.865428e+01 3.592614e+01
    endloop
  endfacet
  facet normal 3.883010e-02 2.850354e-01 -9.577302e-01
    outer loop
      vertex   6.307973e+01 4.932740e+01 3.606915e+01
      vertex   6.449344e+01 4.865428e+01 3.592614e+01
      vertex   6.300672e+01 4.885680e+01 3.592613e+01
    endloop
  endfacet
  facet normal 6.396389e-02 4.695448e-01 -8.805886e-01
    outer loop
      vertex   6.300672e+01 4.885680e+01 3.592613e+01
      vertex   6.449344e+01 4.865428e+01 3.592614e+01
      vertex   6.442157e+01 4.822229e+01 3.569057e+01
    endloop
  endfacet
  facet normal 6.396530e-02 4.695474e-01 -8.805871e-01
    outer loop
      vertex   6.300672e+01 4.885680e+01 3.592613e+01
      vertex   6.442157e+01 4.822229e+01 3.569057e+01
      vertex   6.293436e+01 4.842488e+01 3.569057e+01
    endloop
  endfacet
  facet normal 8.563616e-02 6.286332e-01 -7.729726e-01
    outer loop
      vertex   6.293436e+01 4.842488e+01 3.569057e+01
      vertex   6.442157e+01 4.822229e+01 3.569057e+01
      vertex   6.435660e+01 4.785449e+01 3.538425e+01
    endloop
  endfacet
  facet normal 8.563679e-02 6.286343e-01 -7.729717e-01
    outer loop
      vertex   6.293436e+01 4.842488e+01 3.569057e+01
      vertex   6.435660e+01 4.785449e+01 3.538425e+01
      vertex   6.286881e+01 4.805716e+01 3.538425e+01
    endloop
  endfacet
  facet normal 1.043359e-01 7.658989e-01 -6.344391e-01
    outer loop
      vertex   6.286881e+01 4.805716e+01 3.538425e+01
      vertex   6.435660e+01 4.785449e+01 3.538425e+01
      vertex   6.430064e+01 4.755296e+01 3.501105e+01
    endloop
  endfacet
  facet normal 1.043353e-01 7.658980e-01 -6.344402e-01
    outer loop
      vertex   6.286881e+01 4.805716e+01 3.538425e+01
      vertex   6.430064e+01 4.755296e+01 3.501105e+01
      vertex   6.281229e+01 4.775572e+01 3.501105e+01
    endloop
  endfacet
  facet normal 1.188623e-01 8.725298e-01 -4.738813e-01
    outer loop
      vertex   6.281229e+01 4.775572e+01 3.501105e+01
      vertex   6.430064e+01 4.755296e+01 3.501105e+01
      vertex   6.425605e+01 4.732129e+01 3.457331e+01
    endloop
  endfacet
  facet normal 1.188610e-01 8.725285e-01 -4.738840e-01
    outer loop
      vertex   6.281229e+01 4.775572e+01 3.501105e+01
      vertex   6.425605e+01 4.732129e+01 3.457331e+01
      vertex   6.276720e+01 4.752412e+01 3.457332e+01
    endloop
  endfacet
  facet normal 1.292752e-01 9.489662e-01 -2.876647e-01
    outer loop
      vertex   6.276720e+01 4.752412e+01 3.457332e+01
      vertex   6.425605e+01 4.732129e+01 3.457331e+01
      vertex   6.422832e+01 4.718073e+01 3.409716e+01
    endloop
  endfacet
  facet normal 1.292740e-01 9.489654e-01 -2.876680e-01
    outer loop
      vertex   6.276720e+01 4.752412e+01 3.457332e+01
      vertex   6.422832e+01 4.718073e+01 3.409716e+01
      vertex   6.273914e+01 4.738360e+01 3.409717e+01
    endloop
  endfacet
  facet normal 1.343308e-01 9.860791e-01 -9.799567e-02
    outer loop
      vertex   6.273914e+01 4.738360e+01 3.409717e+01
      vertex   6.422832e+01 4.718073e+01 3.409716e+01
      vertex   6.421900e+01 4.713423e+01 3.361649e+01
    endloop
  endfacet
  facet normal 1.343303e-01 9.860791e-01 -9.799721e-02
    outer loop
      vertex   6.273914e+01 4.738360e+01 3.409717e+01
      vertex   6.421900e+01 4.713423e+01 3.361649e+01
      vertex   6.272970e+01 4.733712e+01 3.361649e+01
    endloop
  endfacet
  facet normal 1.343303e-01 9.860791e-01 9.799721e-02
    outer loop
      vertex   6.272970e+01 4.733712e+01 3.361649e+01
      vertex   6.421900e+01 4.713423e+01 3.361649e+01
      vertex   6.273914e+01 4.738360e+01 3.313581e+01
    endloop
  endfacet
  facet normal 1.343308e-01 9.860791e-01 9.799567e-02
    outer loop
      vertex   6.273914e+01 4.738360e+01 3.313581e+01
      vertex   6.421900e+01 4.713423e+01 3.361649e+01
      vertex   6.422832e+01 4.718073e+01 3.313581e+01
    endloop
  endfacet
  facet normal 1.292740e-01 9.489654e-01 2.876680e-01
    outer loop
      vertex   6.273914e+01 4.738360e+01 3.313581e+01
      vertex   6.422832e+01 4.718073e+01 3.313581e+01
      vertex   6.276720e+01 4.752412e+01 3.265965e+01
    endloop
  endfacet
  facet normal 1.292752e-01 9.489662e-01 2.876647e-01
    outer loop
      vertex   6.276720e+01 4.752412e+01 3.265965e+01
      vertex   6.422832e+01 4.718073e+01 3.313581e+01
      vertex   6.425605e+01 4.732129e+01 3.265966e+01
    endloop
  endfacet
  facet normal 1.188610e-01 8.725285e-01 4.738840e-01
    outer loop
      vertex   6.276720e+01 4.752412e+01 3.265965e+01
      vertex   6.425605e+01 4.732129e+01 3.265966e+01
      vertex   6.281229e+01 4.775572e+01 3.222192e+01
    endloop
  endfacet
  facet normal 1.188623e-01 8.725298e-01 4.738813e-01
    outer loop
      vertex   6.281229e+01 4.775572e+01 3.222192e+01
      vertex   6.425605e+01 4.732129e+01 3.265966e+01
      vertex   6.430064e+01 4.755296e+01 3.222192e+01
    endloop
  endfacet
  facet normal 1.043353e-01 7.658980e-01 6.344402e-01
    outer loop
      vertex   6.281229e+01 4.775572e+01 3.222192e+01
      vertex   6.430064e+01 4.755296e+01 3.222192e+01
      vertex   6.286881e+01 4.805716e+01 3.184872e+01
    endloop
  endfacet
  facet normal 1.043359e-01 7.658989e-01 6.344391e-01
    outer loop
      vertex   6.286881e+01 4.805716e+01 3.184872e+01
      vertex   6.430064e+01 4.755296e+01 3.222192e+01
      vertex   6.435660e+01 4.785449e+01 3.184872e+01
    endloop
  endfacet
  facet normal 8.563679e-02 6.286343e-01 7.729717e-01
    outer loop
      vertex   6.286881e+01 4.805716e+01 3.184872e+01
      vertex   6.435660e+01 4.785449e+01 3.184872e+01
      vertex   6.293436e+01 4.842488e+01 3.154240e+01
    endloop
  endfacet
  facet normal 8.563616e-02 6.286332e-01 7.729726e-01
    outer loop
      vertex   6.293436e+01 4.842488e+01 3.154240e+01
      vertex   6.435660e+01 4.785449e+01 3.184872e+01
      vertex   6.442157e+01 4.822229e+01 3.154240e+01
    endloop
  endfacet
  facet normal 6.396530e-02 4.695474e-01 8.805871e-01
    outer loop
      vertex   6.293436e+01 4.842488e+01 3.154240e+01
      vertex   6.442157e+01 4.822229e+01 3.154240e+01
      vertex   6.300672e+01 4.885680e+01 3.130684e+01
    endloop
  endfacet
  facet normal 6.396389e-02 4.695448e-01 8.805886e-01
    outer loop
      vertex   6.300672e+01 4.885680e+01 3.130684e+01
      vertex   6.442157e+01 4.822229e+01 3.154240e+01
      vertex   6.449344e+01 4.865428e+01 3.130683e+01
    endloop
  endfacet
  facet normal 3.883010e-02 2.850354e-01 9.577302e-01
    outer loop
      vertex   6.300672e+01 4.885680e+01 3.130684e+01
      vertex   6.449344e+01 4.865428e+01 3.130683e+01
      vertex   6.307973e+01 4.932740e+01 3.116382e+01
    endloop
  endfacet
  facet normal 3.882852e-02 2.850323e-01 9.577311e-01
    outer loop
      vertex   6.307973e+01 4.932740e+01 3.116382e+01
      vertex   6.449344e+01 4.865428e+01 3.130683e+01
      vertex   6.456612e+01 4.912493e+01 3.116382e+01
    endloop
  endfacet
  facet normal 1.322817e-02 9.710034e-02 9.951867e-01
    outer loop
      vertex   6.307973e+01 4.932740e+01 3.116382e+01
      vertex   6.456612e+01 4.912493e+01 3.116382e+01
      vertex   6.314766e+01 4.980327e+01 3.111649e+01
    endloop
  endfacet
  facet normal 1.322746e-02 9.709888e-02 9.951868e-01
    outer loop
      vertex   6.314766e+01 4.980327e+01 3.111649e+01
      vertex   6.456612e+01 4.912493e+01 3.116382e+01
      vertex   6.463393e+01 4.960080e+01 3.111649e+01
    endloop
  endfacet
  facet normal -1.322746e-02 -9.709888e-02 9.951868e-01
    outer loop
      vertex   6.314766e+01 4.980327e+01 3.111649e+01
      vertex   6.463393e+01 4.960080e+01 3.111649e+01
      vertex   6.469588e+01 5.007747e+01 3.116382e+01
    endloop
  endfacet
  facet normal -1.322717e-02 -9.710048e-02 9.951867e-01
    outer loop
      vertex   6.314766e+01 4.980327e+01 3.111649e+01
      vertex   6.469588e+01 5.007747e+01 3.116382e+01
      vertex   6.320950e+01 5.027997e+01 3.116382e+01
    endloop
  endfacet
  facet normal -3.882949e-02 -2.850322e-01 9.577311e-01
    outer loop
      vertex   6.320950e+01 5.027997e+01 3.116382e+01
      vertex   6.469588e+01 5.007747e+01 3.116382e+01
      vertex   6.475174e+01 5.055041e+01 3.130683e+01
    endloop
  endfacet
  facet normal -3.882879e-02 -2.850356e-01 9.577302e-01
    outer loop
      vertex   6.320950e+01 5.027997e+01 3.116382e+01
      vertex   6.475174e+01 5.055041e+01 3.130683e+01
      vertex   6.326503e+01 5.075295e+01 3.130684e+01
    endloop
  endfacet
  facet normal -6.396519e-02 -4.695447e-01 8.805886e-01
    outer loop
      vertex   6.326503e+01 5.075295e+01 3.130684e+01
      vertex   6.475174e+01 5.055041e+01 3.130683e+01
      vertex   6.479805e+01 5.098588e+01 3.154240e+01
    endloop
  endfacet
  facet normal -6.396453e-02 -4.695475e-01 8.805871e-01
    outer loop
      vertex   6.326503e+01 5.075295e+01 3.130684e+01
      vertex   6.479805e+01 5.098588e+01 3.154240e+01
      vertex   6.331084e+01 5.118849e+01 3.154240e+01
    endloop
  endfacet
  facet normal -8.563710e-02 -6.286331e-01 7.729726e-01
    outer loop
      vertex   6.331084e+01 5.118849e+01 3.154240e+01
      vertex   6.479805e+01 5.098588e+01 3.154240e+01
      vertex   6.483382e+01 5.135766e+01 3.184872e+01
    endloop
  endfacet
  facet normal -8.563678e-02 -6.286343e-01 7.729717e-01
    outer loop
      vertex   6.331084e+01 5.118849e+01 3.154240e+01
      vertex   6.483382e+01 5.135766e+01 3.184872e+01
      vertex   6.334604e+01 5.156034e+01 3.184872e+01
    endloop
  endfacet
  facet normal -1.043359e-01 -7.658989e-01 6.344391e-01
    outer loop
      vertex   6.334604e+01 5.156034e+01 3.184872e+01
      vertex   6.483382e+01 5.135766e+01 3.184872e+01
      vertex   6.486056e+01 5.166317e+01 3.222192e+01
    endloop
  endfacet
  facet normal -1.043362e-01 -7.658979e-01 6.344402e-01
    outer loop
      vertex   6.334604e+01 5.156034e+01 3.184872e+01
      vertex   6.486056e+01 5.166317e+01 3.222192e+01
      vertex   6.337221e+01 5.186592e+01 3.222192e+01
    endloop
  endfacet
  facet normal -1.188615e-01 -8.725299e-01 4.738813e-01
    outer loop
      vertex   6.337221e+01 5.186592e+01 3.222192e+01
      vertex   6.486056e+01 5.166317e+01 3.222192e+01
      vertex   6.487956e+01 5.189832e+01 3.265966e+01
    endloop
  endfacet
  facet normal -1.188623e-01 -8.725283e-01 4.738840e-01
    outer loop
      vertex   6.337221e+01 5.186592e+01 3.222192e+01
      vertex   6.487956e+01 5.189832e+01 3.265966e+01
      vertex   6.339071e+01 5.210114e+01 3.265965e+01
    endloop
  endfacet
  facet normal -1.292739e-01 -9.489664e-01 2.876647e-01
    outer loop
      vertex   6.339071e+01 5.210114e+01 3.265965e+01
      vertex   6.487956e+01 5.189832e+01 3.265966e+01
      vertex   6.489045e+01 5.204118e+01 3.313581e+01
    endloop
  endfacet
  facet normal -1.292749e-01 -9.489653e-01 2.876680e-01
    outer loop
      vertex   6.339071e+01 5.210114e+01 3.265965e+01
      vertex   6.489045e+01 5.204118e+01 3.313581e+01
      vertex   6.340126e+01 5.224404e+01 3.313581e+01
    endloop
  endfacet
  facet normal -1.343298e-01 -9.860793e-01 9.799567e-02
    outer loop
      vertex   6.340126e+01 5.224404e+01 3.313581e+01
      vertex   6.489045e+01 5.204118e+01 3.313581e+01
      vertex   6.489390e+01 5.208848e+01 3.361649e+01
    endloop
  endfacet
  facet normal -1.343303e-01 -9.860791e-01 9.799721e-02
    outer loop
      vertex   6.340126e+01 5.224404e+01 3.313581e+01
      vertex   6.489390e+01 5.208848e+01 3.361649e+01
      vertex   6.340460e+01 5.229136e+01 3.361649e+01
    endloop
  endfacet
  facet normal -1.343303e-01 -9.860791e-01 -9.799721e-02
    outer loop
      vertex   6.340460e+01 5.229136e+01 3.361649e+01
      vertex   6.489390e+01 5.208848e+01 3.361649e+01
      vertex   6.340126e+01 5.224404e+01 3.409717e+01
    endloop
  endfacet
  facet normal -1.343298e-01 -9.860793e-01 -9.799567e-02
    outer loop
      vertex   6.340126e+01 5.224404e+01 3.409717e+01
      vertex   6.489390e+01 5.208848e+01 3.361649e+01
      vertex   6.489045e+01 5.204118e+01 3.409716e+01
    endloop
  endfacet
  facet normal -1.292749e-01 -9.489653e-01 -2.876680e-01
    outer loop
      vertex   6.340126e+01 5.224404e+01 3.409717e+01
      vertex   6.489045e+01 5.204118e+01 3.409716e+01
      vertex   6.339071e+01 5.210114e+01 3.457332e+01
    endloop
  endfacet
  facet normal -1.292739e-01 -9.489664e-01 -2.876647e-01
    outer loop
      vertex   6.339071e+01 5.210114e+01 3.457332e+01
      vertex   6.489045e+01 5.204118e+01 3.409716e+01
      vertex   6.487956e+01 5.189832e+01 3.457331e+01
    endloop
  endfacet
  facet normal -1.188623e-01 -8.725283e-01 -4.738840e-01
    outer loop
      vertex   6.339071e+01 5.210114e+01 3.457332e+01
      vertex   6.487956e+01 5.189832e+01 3.457331e+01
      vertex   6.337221e+01 5.186592e+01 3.501105e+01
    endloop
  endfacet
  facet normal -1.188615e-01 -8.725299e-01 -4.738813e-01
    outer loop
      vertex   6.337221e+01 5.186592e+01 3.501105e+01
      vertex   6.487956e+01 5.189832e+01 3.457331e+01
      vertex   6.486056e+01 5.166317e+01 3.501105e+01
    endloop
  endfacet
  facet normal -1.043362e-01 -7.658979e-01 -6.344402e-01
    outer loop
      vertex   6.337221e+01 5.186592e+01 3.501105e+01
      vertex   6.486056e+01 5.166317e+01 3.501105e+01
      vertex   6.334604e+01 5.156034e+01 3.538425e+01
    endloop
  endfacet
  facet normal -1.043359e-01 -7.658989e-01 -6.344391e-01
    outer loop
      vertex   6.334604e+01 5.156034e+01 3.538425e+01
      vertex   6.486056e+01 5.166317e+01 3.501105e+01
      vertex   6.483382e+01 5.135766e+01 3.538425e+01
    endloop
  endfacet
  facet normal -8.563678e-02 -6.286343e-01 -7.729717e-01
    outer loop
      vertex   6.334604e+01 5.156034e+01 3.538425e+01
      vertex   6.483382e+01 5.135766e+01 3.538425e+01
      vertex   6.331084e+01 5.118849e+01 3.569057e+01
    endloop
  endfacet
  facet normal -8.563710e-02 -6.286331e-01 -7.729726e-01
    outer loop
      vertex   6.331084e+01 5.118849e+01 3.569057e+01
      vertex   6.483382e+01 5.135766e+01 3.538425e+01
      vertex   6.479805e+01 5.098588e+01 3.569057e+01
    endloop
  endfacet
  facet normal -6.396453e-02 -4.695475e-01 -8.805871e-01
    outer loop
      vertex   6.331084e+01 5.118849e+01 3.569057e+01
      vertex   6.479805e+01 5.098588e+01 3.569057e+01
      vertex   6.326503e+01 5.075295e+01 3.592613e+01
    endloop
  endfacet
  facet normal -6.396519e-02 -4.695447e-01 -8.805886e-01
    outer loop
      vertex   6.326503e+01 5.075295e+01 3.592613e+01
      vertex   6.479805e+01 5.098588e+01 3.569057e+01
      vertex   6.475174e+01 5.055041e+01 3.592614e+01
    endloop
  endfacet
  facet normal -3.882879e-02 -2.850356e-01 -9.577302e-01
    outer loop
      vertex   6.326503e+01 5.075295e+01 3.592613e+01
      vertex   6.475174e+01 5.055041e+01 3.592614e+01
      vertex   6.320950e+01 5.027997e+01 3.606915e+01
    endloop
  endfacet
  facet normal -3.882949e-02 -2.850322e-01 -9.577311e-01
    outer loop
      vertex   6.320950e+01 5.027997e+01 3.606915e+01
      vertex   6.475174e+01 5.055041e+01 3.592614e+01
      vertex   6.469588e+01 5.007747e+01 3.606915e+01
    endloop
  endfacet
  facet normal -1.322717e-02 -9.710048e-02 -9.951867e-01
    outer loop
      vertex   6.320950e+01 5.027997e+01 3.606915e+01
      vertex   6.469588e+01 5.007747e+01 3.606915e+01
      vertex   6.314766e+01 4.980327e+01 3.611649e+01
    endloop
  endfacet
  facet normal -6.659632e-02 -7.188941e-02 -9.951868e-01
    outer loop
      vertex   5.466839e+01 2.817127e+01 3.585033e+01
      vertex   5.434390e+01 2.781664e+01 3.589766e+01
      vertex   5.324351e+01 2.883601e+01 3.589766e+01
    endloop
  endfacet
  facet normal 6.659632e-02 7.188941e-02 -9.951868e-01
    outer loop
      vertex   5.324351e+01 2.883601e+01 3.589766e+01
      vertex   5.434390e+01 2.781664e+01 3.589766e+01
      vertex   5.401508e+01 2.746603e+01 3.585033e+01
    endloop
  endfacet
  facet normal 6.659774e-02 7.189021e-02 -9.951867e-01
    outer loop
      vertex   5.324351e+01 2.883601e+01 3.589766e+01
      vertex   5.401508e+01 2.746603e+01 3.585033e+01
      vertex   5.291459e+01 2.848548e+01 3.585033e+01
    endloop
  endfacet
  facet normal 1.954921e-01 2.110306e-01 -9.577311e-01
    outer loop
      vertex   5.291459e+01 2.848548e+01 3.585033e+01
      vertex   5.401508e+01 2.746603e+01 3.585033e+01
      vertex   5.368527e+01 2.712249e+01 3.570731e+01
    endloop
  endfacet
  facet normal 1.954952e-01 2.110322e-01 -9.577302e-01
    outer loop
      vertex   5.291459e+01 2.848548e+01 3.585033e+01
      vertex   5.368527e+01 2.712249e+01 3.570731e+01
      vertex   5.258454e+01 2.814216e+01 3.570731e+01
    endloop
  endfacet
  facet normal 3.220419e-01 3.476388e-01 -8.805886e-01
    outer loop
      vertex   5.258454e+01 2.814216e+01 3.570731e+01
      vertex   5.368527e+01 2.712249e+01 3.570731e+01
      vertex   5.337832e+01 2.681013e+01 3.547175e+01
    endloop
  endfacet
  facet normal 3.220445e-01 3.476401e-01 -8.805871e-01
    outer loop
      vertex   5.258454e+01 2.814216e+01 3.570731e+01
      vertex   5.337832e+01 2.681013e+01 3.547175e+01
      vertex   5.227723e+01 2.783015e+01 3.547174e+01
    endloop
  endfacet
  facet normal 4.311546e-01 4.654235e-01 -7.729726e-01
    outer loop
      vertex   5.227723e+01 2.783015e+01 3.547174e+01
      vertex   5.337832e+01 2.681013e+01 3.547175e+01
      vertex   5.311389e+01 2.654636e+01 3.516543e+01
    endloop
  endfacet
  facet normal 4.311557e-01 4.654240e-01 -7.729717e-01
    outer loop
      vertex   5.227723e+01 2.783015e+01 3.547174e+01
      vertex   5.311389e+01 2.654636e+01 3.516543e+01
      vertex   5.201237e+01 2.756678e+01 3.516543e+01
    endloop
  endfacet
  facet normal 5.253001e-01 5.670510e-01 -6.344391e-01
    outer loop
      vertex   5.201237e+01 2.756678e+01 3.516543e+01
      vertex   5.311389e+01 2.654636e+01 3.516543e+01
      vertex   5.289490e+01 2.633167e+01 3.479222e+01
    endloop
  endfacet
  facet normal 5.252991e-01 5.670507e-01 -6.344402e-01
    outer loop
      vertex   5.201237e+01 2.756678e+01 3.516543e+01
      vertex   5.289490e+01 2.633167e+01 3.479222e+01
      vertex   5.179297e+01 2.735247e+01 3.479223e+01
    endloop
  endfacet
  facet normal 5.984344e-01 6.459975e-01 -4.738813e-01
    outer loop
      vertex   5.179297e+01 2.735247e+01 3.479223e+01
      vertex   5.289490e+01 2.633167e+01 3.479222e+01
      vertex   5.272534e+01 2.616763e+01 3.435448e+01
    endloop
  endfacet
  facet normal 5.984326e-01 6.459971e-01 -4.738840e-01
    outer loop
      vertex   5.179297e+01 2.735247e+01 3.479223e+01
      vertex   5.272534e+01 2.616763e+01 3.435448e+01
      vertex   5.162304e+01 2.718878e+01 3.435449e+01
    endloop
  endfacet
  facet normal 6.508594e-01 7.025888e-01 -2.876647e-01
    outer loop
      vertex   5.162304e+01 2.718878e+01 3.435449e+01
      vertex   5.272534e+01 2.616763e+01 3.435448e+01
      vertex   5.262192e+01 2.606849e+01 3.387833e+01
    endloop
  endfacet
  facet normal 6.508579e-01 7.025889e-01 -2.876680e-01
    outer loop
      vertex   5.162304e+01 2.718878e+01 3.435449e+01
      vertex   5.262192e+01 2.606849e+01 3.387833e+01
      vertex   5.151937e+01 2.708987e+01 3.387834e+01
    endloop
  endfacet
  facet normal 6.763135e-01 7.300663e-01 -9.799567e-02
    outer loop
      vertex   5.151937e+01 2.708987e+01 3.387834e+01
      vertex   5.262192e+01 2.606849e+01 3.387833e+01
      vertex   5.258758e+01 2.603579e+01 3.339766e+01
    endloop
  endfacet
  facet normal 6.763131e-01 7.300666e-01 -9.799721e-02
    outer loop
      vertex   5.151937e+01 2.708987e+01 3.387834e+01
      vertex   5.258758e+01 2.603579e+01 3.339766e+01
      vertex   5.148494e+01 2.705724e+01 3.339766e+01
    endloop
  endfacet
  facet normal 6.763131e-01 7.300666e-01 9.799721e-02
    outer loop
      vertex   5.148494e+01 2.705724e+01 3.339766e+01
      vertex   5.258758e+01 2.603579e+01 3.339766e+01
      vertex   5.151937e+01 2.708987e+01 3.291698e+01
    endloop
  endfacet
  facet normal 6.763135e-01 7.300663e-01 9.799567e-02
    outer loop
      vertex   5.151937e+01 2.708987e+01 3.291698e+01
      vertex   5.258758e+01 2.603579e+01 3.339766e+01
      vertex   5.262192e+01 2.606849e+01 3.291699e+01
    endloop
  endfacet
  facet normal 6.508579e-01 7.025889e-01 2.876680e-01
    outer loop
      vertex   5.151937e+01 2.708987e+01 3.291698e+01
      vertex   5.262192e+01 2.606849e+01 3.291699e+01
      vertex   5.162304e+01 2.718878e+01 3.244083e+01
    endloop
  endfacet
  facet normal 6.508594e-01 7.025888e-01 2.876647e-01
    outer loop
      vertex   5.162304e+01 2.718878e+01 3.244083e+01
      vertex   5.262192e+01 2.606849e+01 3.291699e+01
      vertex   5.272534e+01 2.616763e+01 3.244084e+01
    endloop
  endfacet
  facet normal 5.984326e-01 6.459971e-01 4.738840e-01
    outer loop
      vertex   5.162304e+01 2.718878e+01 3.244083e+01
      vertex   5.272534e+01 2.616763e+01 3.244084e+01
      vertex   5.179297e+01 2.735247e+01 3.200309e+01
    endloop
  endfacet
  facet normal 5.984344e-01 6.459975e-01 4.738813e-01
    outer loop
      vertex   5.179297e+01 2.735247e+01 3.200309e+01
      vertex   5.272534e+01 2.616763e+01 3.244084e+01
      vertex   5.289490e+01 2.633167e+01 3.200310e+01
    endloop
  endfacet
  facet normal 5.252991e-01 5.670507e-01 6.344402e-01
    outer loop
      vertex   5.179297e+01 2.735247e+01 3.200309e+01
      vertex   5.289490e+01 2.633167e+01 3.200310e+01
      vertex   5.201237e+01 2.756678e+01 3.162989e+01
    endloop
  endfacet
  facet normal 5.253001e-01 5.670510e-01 6.344391e-01
    outer loop
      vertex   5.201237e+01 2.756678e+01 3.162989e+01
      vertex   5.289490e+01 2.633167e+01 3.200310e+01
      vertex   5.311389e+01 2.654636e+01 3.162989e+01
    endloop
  endfacet
  facet normal 4.311557e-01 4.654240e-01 7.729717e-01
    outer loop
      vertex   5.201237e+01 2.756678e+01 3.162989e+01
      vertex   5.311389e+01 2.654636e+01 3.162989e+01
      vertex   5.227723e+01 2.783015e+01 3.132358e+01
    endloop
  endfacet
  facet normal 4.311546e-01 4.654235e-01 7.729726e-01
    outer loop
      vertex   5.227723e+01 2.783015e+01 3.132358e+01
      vertex   5.311389e+01 2.654636e+01 3.162989e+01
      vertex   5.337832e+01 2.681013e+01 3.132357e+01
    endloop
  endfacet
  facet normal 3.220445e-01 3.476401e-01 8.805871e-01
    outer loop
      vertex   5.227723e+01 2.783015e+01 3.132358e+01
      vertex   5.337832e+01 2.681013e+01 3.132357e+01
      vertex   5.258454e+01 2.814216e+01 3.108801e+01
    endloop
  endfacet
  facet normal 3.220419e-01 3.476388e-01 8.805886e-01
    outer loop
      vertex   5.258454e+01 2.814216e+01 3.108801e+01
      vertex   5.337832e+01 2.681013e+01 3.132357e+01
      vertex   5.368527e+01 2.712249e+01 3.108801e+01
    endloop
  endfacet
  facet normal 1.954952e-01 2.110322e-01 9.577302e-01
    outer loop
      vertex   5.258454e+01 2.814216e+01 3.108801e+01
      vertex   5.368527e+01 2.712249e+01 3.108801e+01
      vertex   5.291459e+01 2.848548e+01 3.094499e+01
    endloop
  endfacet
  facet normal 1.954921e-01 2.110306e-01 9.577311e-01
    outer loop
      vertex   5.291459e+01 2.848548e+01 3.094499e+01
      vertex   5.368527e+01 2.712249e+01 3.108801e+01
      vertex   5.401508e+01 2.746603e+01 3.094499e+01
    endloop
  endfacet
  facet normal 6.659774e-02 7.189021e-02 9.951867e-01
    outer loop
      vertex   5.291459e+01 2.848548e+01 3.094499e+01
      vertex   5.401508e+01 2.746603e+01 3.094499e+01
      vertex   5.324351e+01 2.883601e+01 3.089766e+01
    endloop
  endfacet
  facet normal 6.659632e-02 7.188941e-02 9.951868e-01
    outer loop
      vertex   5.324351e+01 2.883601e+01 3.089766e+01
      vertex   5.401508e+01 2.746603e+01 3.094499e+01
      vertex   5.434390e+01 2.781664e+01 3.089766e+01
    endloop
  endfacet
  facet normal -6.659632e-02 -7.188941e-02 9.951868e-01
    outer loop
      vertex   5.324351e+01 2.883601e+01 3.089766e+01
      vertex   5.434390e+01 2.781664e+01 3.089766e+01
      vertex   5.466839e+01 2.817127e+01 3.094499e+01
    endloop
  endfacet
  facet normal -6.659701e-02 -7.189089e-02 9.951867e-01
    outer loop
      vertex   5.324351e+01 2.883601e+01 3.089766e+01
      vertex   5.466839e+01 2.817127e+01 3.094499e+01
      vertex   5.356791e+01 2.919073e+01 3.094499e+01
    endloop
  endfacet
  facet normal -1.954928e-01 -2.110299e-01 9.577311e-01
    outer loop
      vertex   5.356791e+01 2.919073e+01 3.094499e+01
      vertex   5.466839e+01 2.817127e+01 3.094499e+01
      vertex   5.498575e+01 2.852634e+01 3.108801e+01
    endloop
  endfacet
  facet normal -1.954942e-01 -2.110331e-01 9.577302e-01
    outer loop
      vertex   5.356791e+01 2.919073e+01 3.094499e+01
      vertex   5.498575e+01 2.852634e+01 3.108801e+01
      vertex   5.388503e+01 2.954602e+01 3.108801e+01
    endloop
  endfacet
  facet normal -3.220429e-01 -3.476379e-01 8.805886e-01
    outer loop
      vertex   5.388503e+01 2.954602e+01 3.108801e+01
      vertex   5.498575e+01 2.852634e+01 3.108801e+01
      vertex   5.527377e+01 2.885623e+01 3.132357e+01
    endloop
  endfacet
  facet normal -3.220440e-01 -3.476407e-01 8.805871e-01
    outer loop
      vertex   5.388503e+01 2.954602e+01 3.108801e+01
      vertex   5.527377e+01 2.885623e+01 3.132357e+01
      vertex   5.417268e+01 2.987625e+01 3.132358e+01
    endloop
  endfacet
  facet normal -4.311553e-01 -4.654229e-01 7.729726e-01
    outer loop
      vertex   5.417268e+01 2.987625e+01 3.132358e+01
      vertex   5.527377e+01 2.885623e+01 3.132357e+01
      vertex   5.551658e+01 2.914002e+01 3.162989e+01
    endloop
  endfacet
  facet normal -4.311557e-01 -4.654240e-01 7.729717e-01
    outer loop
      vertex   5.417268e+01 2.987625e+01 3.132358e+01
      vertex   5.551658e+01 2.914002e+01 3.162989e+01
      vertex   5.441507e+01 3.016044e+01 3.162989e+01
    endloop
  endfacet
  facet normal -5.253001e-01 -5.670510e-01 6.344391e-01
    outer loop
      vertex   5.441507e+01 3.016044e+01 3.162989e+01
      vertex   5.551658e+01 2.914002e+01 3.162989e+01
      vertex   5.571394e+01 2.937476e+01 3.200310e+01
    endloop
  endfacet
  facet normal -5.252998e-01 -5.670501e-01 6.344402e-01
    outer loop
      vertex   5.441507e+01 3.016044e+01 3.162989e+01
      vertex   5.571394e+01 2.937476e+01 3.200310e+01
      vertex   5.461200e+01 3.039556e+01 3.200309e+01
    endloop
  endfacet
  facet normal -5.984338e-01 -6.459980e-01 4.738813e-01
    outer loop
      vertex   5.461200e+01 3.039556e+01 3.200309e+01
      vertex   5.571394e+01 2.937476e+01 3.200310e+01
      vertex   5.586455e+01 2.955634e+01 3.244084e+01
    endloop
  endfacet
  facet normal -5.984336e-01 -6.459963e-01 4.738840e-01
    outer loop
      vertex   5.461200e+01 3.039556e+01 3.200309e+01
      vertex   5.586455e+01 2.955634e+01 3.244084e+01
      vertex   5.476224e+01 3.057749e+01 3.244083e+01
    endloop
  endfacet
  facet normal -6.508584e-01 -7.025897e-01 2.876647e-01
    outer loop
      vertex   5.476224e+01 3.057749e+01 3.244083e+01
      vertex   5.586455e+01 2.955634e+01 3.244084e+01
      vertex   5.595551e+01 2.966704e+01 3.291699e+01
    endloop
  endfacet
  facet normal -6.508586e-01 -7.025882e-01 2.876680e-01
    outer loop
      vertex   5.476224e+01 3.057749e+01 3.244083e+01
      vertex   5.595551e+01 2.966704e+01 3.291699e+01
      vertex   5.485295e+01 3.068841e+01 3.291698e+01
    endloop
  endfacet
  facet normal -6.763128e-01 -7.300670e-01 9.799567e-02
    outer loop
      vertex   5.485295e+01 3.068841e+01 3.291698e+01
      vertex   5.595551e+01 2.966704e+01 3.291699e+01
      vertex   5.598550e+01 2.970377e+01 3.339766e+01
    endloop
  endfacet
  facet normal -6.763131e-01 -7.300666e-01 9.799721e-02
    outer loop
      vertex   5.485295e+01 3.068841e+01 3.291698e+01
      vertex   5.598550e+01 2.970377e+01 3.339766e+01
      vertex   5.488286e+01 3.072523e+01 3.339766e+01
    endloop
  endfacet
  facet normal -6.763131e-01 -7.300666e-01 -9.799721e-02
    outer loop
      vertex   5.488286e+01 3.072523e+01 3.339766e+01
      vertex   5.598550e+01 2.970377e+01 3.339766e+01
      vertex   5.485295e+01 3.068841e+01 3.387834e+01
    endloop
  endfacet
  facet normal -6.763128e-01 -7.300670e-01 -9.799567e-02
    outer loop
      vertex   5.485295e+01 3.068841e+01 3.387834e+01
      vertex   5.598550e+01 2.970377e+01 3.339766e+01
      vertex   5.595551e+01 2.966704e+01 3.387833e+01
    endloop
  endfacet
  facet normal -6.508586e-01 -7.025882e-01 -2.876680e-01
    outer loop
      vertex   5.485295e+01 3.068841e+01 3.387834e+01
      vertex   5.595551e+01 2.966704e+01 3.387833e+01
      vertex   5.476224e+01 3.057749e+01 3.435449e+01
    endloop
  endfacet
  facet normal -6.508584e-01 -7.025897e-01 -2.876647e-01
    outer loop
      vertex   5.476224e+01 3.057749e+01 3.435449e+01
      vertex   5.595551e+01 2.966704e+01 3.387833e+01
      vertex   5.586455e+01 2.955634e+01 3.435448e+01
    endloop
  endfacet
  facet normal -5.984336e-01 -6.459963e-01 -4.738840e-01
    outer loop
      vertex   5.476224e+01 3.057749e+01 3.435449e+01
      vertex   5.586455e+01 2.955634e+01 3.435448e+01
      vertex   5.461200e+01 3.039556e+01 3.479223e+01
    endloop
  endfacet
  facet normal -5.984338e-01 -6.459980e-01 -4.738813e-01
    outer loop
      vertex   5.461200e+01 3.039556e+01 3.479223e+01
      vertex   5.586455e+01 2.955634e+01 3.435448e+01
      vertex   5.571394e+01 2.937476e+01 3.479222e+01
    endloop
  endfacet
  facet normal -5.252998e-01 -5.670501e-01 -6.344402e-01
    outer loop
      vertex   5.461200e+01 3.039556e+01 3.479223e+01
      vertex   5.571394e+01 2.937476e+01 3.479222e+01
      vertex   5.441507e+01 3.016044e+01 3.516543e+01
    endloop
  endfacet
  facet normal -5.253001e-01 -5.670510e-01 -6.344391e-01
    outer loop
      vertex   5.441507e+01 3.016044e+01 3.516543e+01
      vertex   5.571394e+01 2.937476e+01 3.479222e+01
      vertex   5.551658e+01 2.914002e+01 3.516543e+01
    endloop
  endfacet
  facet normal -4.311557e-01 -4.654240e-01 -7.729717e-01
    outer loop
      vertex   5.441507e+01 3.016044e+01 3.516543e+01
      vertex   5.551658e+01 2.914002e+01 3.516543e+01
      vertex   5.417268e+01 2.987625e+01 3.547174e+01
    endloop
  endfacet
  facet normal -4.311553e-01 -4.654229e-01 -7.729726e-01
    outer loop
      vertex   5.417268e+01 2.987625e+01 3.547174e+01
      vertex   5.551658e+01 2.914002e+01 3.516543e+01
      vertex   5.527377e+01 2.885623e+01 3.547175e+01
    endloop
  endfacet
  facet normal -3.220440e-01 -3.476407e-01 -8.805871e-01
    outer loop
      vertex   5.417268e+01 2.987625e+01 3.547174e+01
      vertex   5.527377e+01 2.885623e+01 3.547175e+01
      vertex   5.388503e+01 2.954602e+01 3.570731e+01
    endloop
  endfacet
  facet normal -3.220429e-01 -3.476379e-01 -8.805886e-01
    outer loop
      vertex   5.388503e+01 2.954602e+01 3.570731e+01
      vertex   5.527377e+01 2.885623e+01 3.547175e+01
      vertex   5.498575e+01 2.852634e+01 3.570731e+01
    endloop
  endfacet
  facet normal -1.954942e-01 -2.110331e-01 -9.577302e-01
    outer loop
      vertex   5.388503e+01 2.954602e+01 3.570731e+01
      vertex   5.498575e+01 2.852634e+01 3.570731e+01
      vertex   5.356791e+01 2.919073e+01 3.585033e+01
    endloop
  endfacet
  facet normal -1.954928e-01 -2.110299e-01 -9.577311e-01
    outer loop
      vertex   5.356791e+01 2.919073e+01 3.585033e+01
      vertex   5.498575e+01 2.852634e+01 3.570731e+01
      vertex   5.466839e+01 2.817127e+01 3.585033e+01
    endloop
  endfacet
  facet normal -6.659701e-02 -7.189089e-02 -9.951867e-01
    outer loop
      vertex   5.356791e+01 2.919073e+01 3.585033e+01
      vertex   5.466839e+01 2.817127e+01 3.585033e+01
      vertex   5.324351e+01 2.883601e+01 3.589766e+01
    endloop
  endfacet
  facet normal 2.656321e-17 -7.845910e-02 9.969173e-01
    outer loop
      vertex   5.000000e+01 1.678217e+01 3.061558e+00
      vertex   3.333333e+01 1.678217e+01 3.061558e+00
      vertex   5.000000e+01 1.600000e+01 3.000000e+00
    endloop
  endfacet
  facet normal 0.000000e+00 -7.845910e-02 9.969173e-01
    outer loop
      vertex   5.000000e+01 1.600000e+01 3.000000e+00
      vertex   3.333333e+01 1.678217e+01 3.061558e+00
      vertex   1.666667e+01 1.678217e+01 3.061558e+00
    endloop
  endfacet
  facet normal 0.000000e+00 -7.845910e-02 9.969173e-01
    outer loop
      vertex   5.000000e+01 1.600000e+01 3.000000e+00
      vertex   1.666667e+01 1.678217e+01 3.061558e+00
      vertex   0.000000e+00 1.600000e+01 3.000000e+00
    endloop
  endfacet
  facet normal -2.653189e-17 -7.845910e-02 9.969173e-01
    outer loop
      vertex   0.000000e+00 1.600000e+01 3.000000e+00
      vertex   1.666667e+01 1.678217e+01 3.061558e+00
      vertex   0.000000e+00 1.678217e+01 3.061558e+00
    endloop
  endfacet
  facet normal -2.590914e-17 -2.334454e-01 9.723699e-01
    outer loop
      vertex   0.000000e+00 1.678217e+01 3.061558e+00
      vertex   1.666667e+01 1.678217e+01 3.061558e+00
      vertex   0.000000e+00 1.754508e+01 3.244717e+00
    endloop
  endfacet
  facet normal 0.000000e+00 -2.334454e-01 9.723699e-01
    outer loop
      vertex   0.000000e+00 1.754508e+01 3.244717e+00
      vertex   1.666667e+01 1.678217e+01 3.061558e+00
      vertex   1.666667e+01 1.754508e+01 3.244717e+00
    endloop
  endfacet
  facet normal 0.000000e+00 -3.826834e-01 9.238795e-01
    outer loop
      vertex   0.000000e+00 1.754508e+01 3.244717e+00
      vertex   1.666667e+01 1.754508e+01 3.244717e+00
      vertex   0.000000e+00 1.826995e+01 3.544967e+00
    endloop
  endfacet
  facet normal -4.923419e-17 -3.826834e-01 9.238795e-01
    outer loop
      vertex   0.000000e+00 1.826995e+01 3.544967e+00
      vertex   1.666667e+01 1.754508e+01 3.244717e+00
      vertex   1.666667e+01 1.826995e+01 3.544967e+00
    endloop
  endfacet
  facet normal -4.543780e-17 -5.224986e-01 8.526402e-01
    outer loop
      vertex   0.000000e+00 1.826995e+01 3.544967e+00
      vertex   1.666667e+01 1.826995e+01 3.544967e+00
      vertex   0.000000e+00 1.893893e+01 3.954915e+00
    endloop
  endfacet
  facet normal -2.271890e-17 -5.224986e-01 8.526402e-01
    outer loop
      vertex   0.000000e+00 1.893893e+01 3.954915e+00
      vertex   1.666667e+01 1.826995e+01 3.544967e+00
      vertex   1.666667e+01 1.893893e+01 3.954915e+00
    endloop
  endfacet
  facet normal -2.026129e-17 -6.494480e-01 7.604060e-01
    outer loop
      vertex   0.000000e+00 1.893893e+01 3.954915e+00
      vertex   1.666667e+01 1.893893e+01 3.954915e+00
      vertex   0.000000e+00 1.953553e+01 4.464466e+00
    endloop
  endfacet
  facet normal 0.000000e+00 -6.494480e-01 7.604060e-01
    outer loop
      vertex   0.000000e+00 1.953553e+01 4.464466e+00
      vertex   1.666667e+01 1.893893e+01 3.954915e+00
      vertex   1.666667e+01 1.953553e+01 4.464466e+00
    endloop
  endfacet
  facet normal 0.000000e+00 -7.604060e-01 6.494480e-01
    outer loop
      vertex   0.000000e+00 1.953553e+01 4.464466e+00
      vertex   1.666667e+01 1.953553e+01 4.464466e+00
      vertex   0.000000e+00 2.004508e+01 5.061074e+00
    endloop
  endfacet
  facet normal 0.000000e+00 -7.604060e-01 6.494480e-01
    outer loop
      vertex   0.000000e+00 2.004508e+01 5.061074e+00
      vertex   1.666667e+01 1.953553e+01 4.464466e+00
      vertex   1.666667e+01 2.004508e+01 5.061074e+00
    endloop
  endfacet
  facet normal 0.000000e+00 -8.526402e-01 5.224986e-01
    outer loop
      vertex   0.000000e+00 2.004508e+01 5.061074e+00
      vertex   1.666667e+01 2.004508e+01 5.061074e+00
      vertex   0.000000e+00 2.045503e+01 5.730048e+00
    endloop
  endfacet
  facet normal 0.000000e+00 -8.526402e-01 5.224986e-01
    outer loop
      vertex   0.000000e+00 2.045503e+01 5.730048e+00
      vertex   1.666667e+01 2.004508e+01 5.061074e+00
      vertex   1.666667e+01 2.045503e+01 5.730048e+00
    endloop
  endfacet
  facet normal 0.000000e+00 -9.238795e-01 3.826834e-01
    outer loop
      vertex   0.000000e+00 2.045503e+01 5.730048e+00
      vertex   1.666667e+01 2.045503e+01 5.730048e+00
      vertex   0.000000e+00 2.075528e+01 6.454915e+00
    endloop
  endfacet
  facet normal 0.000000e+00 -9.238795e-01 3.826834e-01
    outer loop
      vertex   0.000000e+00 2.075528e+01 6.454915e+00
      vertex   1.666667e+01 2.045503e+01 5.730048e+00
      vertex   1.666667e+01 2.075528e+01 6.454915e+00
    endloop
  endfacet
  facet normal 0.000000e+00 -9.723699e-01 2.334454e-01
    outer loop
      vertex   0.000000e+00 2.075528e+01 6.454915e+00
      vertex   1.666667e+01 2.075528e+01 6.454915e+00
      vertex   0.000000e+00 2.093844e+01 7.217828e+00
    endloop
  endfacet
  facet normal 0.000000e+00 -9.723699e-01 2.334454e-01
    outer loop
      vertex   0.000000e+00 2.093844e+01 7.217828e+00
      vertex   1.666667e+01 2.075528e+01 6.454915e+00
      vertex   1.666667e+01 2.093844e+01 7.217828e+00
    endloop
  endfacet
  facet normal 0.000000e+00 -9.969173e-01 7.845910e-02
    outer loop
      vertex   0.000000e+00 2.093844e+01 7.217828e+00
      vertex   1.666667e+01 2.093844e+01 7.217828e+00
      vertex   0.000000e+00 2.100000e+01 8.000000e+00
    endloop
  endfacet
  facet normal 0.000000e+00 -9.969173e-01 7.845910e-02
    outer loop
      vertex   0.000000e+00 2.100000e+01 8.000000e+00
      vertex   1.666667e+01 2.093844e+01 7.217828e+00
      vertex   3.333333e+01 2.093844e+01 7.217828e+00
    endloop
  endfacet
  facet normal 0.000000e+00 -9.969173e-01 7.845910e-02
    outer loop
      vertex   0.000000e+00 2.100000e+01 8.000000e+00
      vertex   3.333333e+01 2.093844e+01 7.217828e+00
      vertex   5.000000e+01 2.100000e+01 8.000000e+00
    endloop
  endfacet
  facet normal 0.000000e+00 -9.969173e-01 7.845910e-02
    outer loop
      vertex   5.000000e+01 2.100000e+01 8.000000e+00
      vertex   3.333333e+01 2.093844e+01 7.217828e+00
      vertex   5.000000e+01 2.093844e+01 7.217828e+00
    endloop
  endfacet
  facet normal 0.000000e+00 -9.723699e-01 2.334454e-01
    outer loop
      vertex   5.000000e+01 2.093844e+01 7.217828e+00
      vertex   3.333333e+01 2.093844e+01 7.217828e+00
      vertex   5.000000e+01 2.075528e+01 6.454915e+00
    endloop
  endfacet
  facet normal 0.000000e+00 -9.723699e-01 2.334454e-01
    outer loop
      vertex   5.000000e+01 2.075528e+01 6.454915e+00
      vertex   3.333333e+01 2.093844e+01 7.217828e+00
      vertex   3.333333e+01 2.075528e+01 6.454915e+00
    endloop
  endfacet
  facet normal 0.000000e+00 -9.238795e-01 3.826834e-01
    outer loop
      vertex   5.000000e+01 2.075528e+01 6.454915e+00
      vertex   3.333333e+01 2.075528e+01 6.454915e+00
      vertex   5.000000e+01 2.045503e+01 5.730048e+00
    endloop
  endfacet
  facet normal 0.000000e+00 -9.238795e-01 3.826834e-01
    outer loop
      vertex   5.000000e+01 2.045503e+01 5.730048e+00
      vertex   3.333333e+01 2.075528e+01 6.454915e+00
      vertex   3.333333e+01 2.045503e+01 5.730048e+00
    endloop
  endfacet
  facet normal 0.000000e+00 -8.526402e-01 5.224986e-01
    outer loop
      vertex   5.000000e+01 2.045503e+01 5.730048e+00
      vertex   3.333333e+01 2.045503e+01 5.730048e+00
      vertex   5.000000e+01 2.004508e+01 5.061074e+00
    endloop
  endfacet
  facet normal 0.000000e+00 -8.526402e-01 5.224986e-01
    outer loop
      vertex   5.000000e+01 2.004508e+01 5.061074e+00
      vertex   3.333333e+01 2.045503e+01 5.730048e+00
      vertex   3.333333e+01 2.004508e+01 5.061074e+00
    endloop
  endfacet
  facet normal 0.000000e+00 -7.604060e-01 6.494480e-01
    outer loop
      vertex   5.000000e+01 2.004508e+01 5.061074e+00
      vertex   3.333333e+01 2.004508e+01 5.061074e+00
      vertex   5.000000e+01 1.953553e+01 4.464466e+00
    endloop
  endfacet
  facet normal 0.000000e+00 -7.604060e-01 6.494480e-01
    outer loop
      vertex   5.000000e+01 1.953553e+01 4.464466e+00
      vertex   3.333333e+01 2.004508e+01 5.061074e+00
      vertex   3.333333e+01 1.953553e+01 4.464466e+00
    endloop
  endfacet
  facet normal 0.000000e+00 -6.494480e-01 7.604060e-01
    outer loop
      vertex   5.000000e+01 1.953553e+01 4.464466e+00
      vertex   3.333333e+01 1.953553e+01 4.464466e+00
      vertex   5.000000e+01 1.893893e+01 3.954915e+00
    endloop
  endfacet
  facet normal 2.026129e-17 -6.494480e-01 7.604060e-01
    outer loop
      vertex   5.000000e+01 1.893893e+01 3.954915e+00
      vertex   3.333333e+01 1.953553e+01 4.464466e+00
      vertex   3.333333e+01 1.893893e+01 3.954915e+00
    endloop
  endfacet
  facet normal 2.271890e-17 -5.224986e-01 8.526402e-01
    outer loop
      vertex   5.000000e+01 1.893893e+01 3.954915e+00
      vertex   3.333333e+01 1.893893e+01 3.954915e+00
      vertex   5.000000e+01 1.826995e+01 3.544967e+00
    endloop
  endfacet
  facet normal 4.543780e-17 -5.224986e-01 8.526402e-01
    outer loop
      vertex   5.000000e+01 1.826995e+01 3.544967e+00
      vertex   3.333333e+01 1.893893e+01 3.954915e+00
      vertex   3.333333e+01 1.826995e+01 3.544967e+00
    endloop
  endfacet
  facet normal 4.923419e-17 -3.826834e-01 9.238795e-01
    outer loop
      vertex   5.000000e+01 1.826995e+01 3.544967e+00
      vertex   3.333333e+01 1.826995e+01 3.544967e+00
      vertex   5.000000e+01 1.754508e+01 3.244717e+00
    endloop
  endfacet
  facet normal 0.000000e+00 -3.826834e-01 9.238795e-01
    outer loop
      vertex   5.000000e+01 1.754508e+01 3.244717e+00
      vertex   3.333333e+01 1.826995e+01 3.544967e+00
      vertex   3.333333e+01 1.754508e+01 3.244717e+00
    endloop
  endfacet
  facet normal 0.000000e+00 -2.334454e-01 9.723699e-01
    outer loop
      vertex   5.000000e+01 1.754508e+01 3.244717e+00
      vertex   3.333333e+01 1.754508e+01 3.244717e+00
      vertex   5.000000e+01 1.678217e+01 3.061558e+00
    endloop
  endfacet
  facet normal 2.590914e-17 -2.334454e-01 9.723699e-01
    outer loop
      vertex   5.000000e+01 1.678217e+01 3.061558e+00
      vertex   3.333333e+01 1.754508e+01 3.244717e+00
      vertex   3.333333e+01 1.678217e+01 3.061558e+00
    endloop
  endfacet
  facet normal 0.000000e+00 -2.334454e-01 9.723699e-01
    outer loop
      vertex   1.666667e+01 1.754508e+01 3.244717e+00
      vertex   1.666667e+01 1.678217e+01 3.061558e+00
      vertex   3.333333e+01 1.678217e+01 3.061558e+00
    endloop
  endfacet
  facet normal 0.000000e+00 -2.334454e-01 9.723699e-01
    outer loop
      vertex   1.666667e+01 1.754508e+01 3.244717e+00
      vertex   3.333333e+01 1.678217e+01 3.061558e+00
      vertex   3.333333e+01 1.754508e+01 3.244717e+00
    endloop
  endfacet
  facet normal 0.000000e+00 -3.826834e-01 9.238795e-01
    outer loop
      vertex   1.666667e+01 1.826995e+01 3.544967e+00
      vertex   1.666667e+01 1.754508e+01 3.244717e+00
      vertex   3.333333e+01 1.754508e+01 3.244717e+00
    endloop
  endfacet
  facet normal 0.000000e+00 -3.826834e-01 9.238795e-01
    outer loop
      vertex   1.666667e+01 1.826995e+01 3.544967e+00
      vertex   3.333333e+01 1.754508e+01 3.244717e+00
      vertex   3.333333e+01 1.826995e+01 3.544967e+00
    endloop
  endfacet
  facet normal 0.000000e+00 -5.224986e-01 8.526402e-01
    outer loop
      vertex   1.666667e+01 1.893893e+01 3.954915e+00
      vertex   1.666667e+01 1.826995e+01 3.544967e+00
      vertex   3.333333e+01 1.826995e+01 3.544967e+00
    endloop
  endfacet
  facet normal 0.000000e+00 -5.224986e-01 8.526402e-01
    outer loop
      vertex   1.666667e+01 1.893893e+01 3.954915e+00
      vertex   3.333333e+01 1.826995e+01 3.544967e+00
      vertex   3.333333e+01 1.893893e+01 3.954915e+00
    endloop
  endfacet
  facet normal 0.000000e+00 -6.494480e-01 7.604060e-01
    outer loop
      vertex   1.666667e+01 1.953553e+01 4.464466e+00
      vertex   1.666667e+01 1.893893e+01 3.954915e+00
      vertex   3.333333e+01 1.893893e+01 3.954915e+00
    endloop
  endfacet
  facet normal 0.000000e+00 -6.494480e-01 7.604060e-01
    outer loop
      vertex   1.666667e+01 1.953553e+01 4.464466e+00
      vertex   3.333333e+01 1.893893e+01 3.954915e+00
      vertex   3.333333e+01 1.953553e+01 4.464466e+00
    endloop
  endfacet
  facet normal 0.000000e+00 -7.604060e-01 6.494480e-01
    outer loop
      vertex   1.666667e+01 2.004508e+01 5.061074e+00
      vertex   1.666667e+01 1.953553e+01 4.464466e+00
      vertex   3.333333e+01 1.953553e+01 4.464466e+00
    endloop
  endfacet
  facet normal 0.000000e+00 -7.604060e-01 6.494480e-01
    outer loop
      vertex   1.666667e+01 2.004508e+01 5.061074e+00
      vertex   3.333333e+01 1.953553e+01 4.464466e+00
      vertex   3.333333e+01 2.004508e+01 5.061074e+00
    endloop
  endfacet
  facet normal 0.000000e+00 -8.526402e-01 5.224986e-01
    outer loop
      vertex   1.666667e+01 2.045503e+01 5.730048e+00
      vertex   1.666667e+01 2.004508e+01 5.061074e+00
      vertex   3.333333e+01 2.004508e+01 5.061074e+00
    endloop
  endfacet
  facet normal 0.000000e+00 -8.526402e-01 5.224986e-01
    outer loop
      vertex   1.666667e+01 2.045503e+01 5.730048e+00
      vertex   3.333333e+01 2.004508e+01 5.061074e+00
      vertex   3.333333e+01 2.045503e+01 5.730048e+00
    endloop
  endfacet
  facet normal 0.000000e+00 -9.238795e-01 3.826834e-01
    outer loop
      vertex   1.666667e+01 2.075528e+01 6.454915e+00
      vertex   1.666667e+01 2.045503e+01 5.730048e+00
      vertex   3.333333e+01 2.045503e+01 5.730048e+00
    endloop
  endfacet
  facet normal 0.000000e+00 -9.238795e-01 3.826834e-01
    outer loop
      vertex   1.666667e+01 2.075528e+01 6.454915e+00
      vertex   3.333333e+01 2.045503e+01 5.730048e+00
      vertex   3.333333e+01 2.075528e+01 6.454915e+00
    endloop
  endfacet
  facet normal 0.000000e+00 -9.723699e-01 2.334454e-01
    outer loop
      vertex   1.666667e+01 2.093844e+01 7.217828e+00
      vertex   1.666667e+01 2.075528e+01 6.454915e+00
      vertex   3.333333e+01 2.075528e+01 6.454915e+00
    endloop
  endfacet
  facet normal 0.000000e+00 -9.723699e-01 2.334454e-01
    outer loop
      vertex   1.666667e+01 2.093844e+01 7.217828e+00
      vertex   3.333333e+01 2.075528e+01 6.454915e+00
      vertex   3.333333e+01 2.093844e+01 7.217828e+00
    endloop
  endfacet
  facet normal 0.000000e+00 -1.000000e+00 0.000000e+00
    outer loop
      vertex   0.000000e+00 2.100000e+01 8.000000e+00
      vertex   5.000000e+01 2.100000e+01 8.000000e+00
      vertex   0.000000e+00 2.100000e+01 3.800000e+01
    endloop
  endfacet
  facet normal 0.000000e+00 -1.000000e+00 0.000000e+00
    outer loop
      vertex   0.000000e+00 2.100000e+01 3.800000e+01
      vertex   5.000000e+01 2.100000e+01 8.000000e+00
      vertex   5.000000e+01 2.100000e+01 3.800000e+01
    endloop
  endfacet
  facet normal -0.000000e+00 1.000000e+00 0.000000e+00
    outer loop
      vertex   6.350000e+01 5.500000e+01 3.800000e+01
      vertex   6.500000e+01 5.500000e+01 3.800000e+01
      vertex   6.350000e+01 5.500000e+01 2.800000e+01
    endloop
  endfacet
  facet normal 0.000000e+00 1.000000e+00 0.000000e+00
    outer loop
      vertex   6.350000e+01 5.500000e+01 2.800000e+01
      vertex   6.500000e+01 5.500000e+01 3.800000e+01
      vertex   6.500000e+01 5.500000e+01 2.800000e+01
    endloop
  endfacet
  facet normal -9.978038e-01 6.623804e-02 -4.045885e-04
    outer loop
      vertex   6.340126e+01 5.224404e+01 3.409717e+01
      vertex   6.343999e+01 5.285132e+01 3.800000e+01
      vertex   6.340460e+01 5.229136e+01 3.361649e+01
    endloop
  endfacet
  facet normal -9.980082e-01 6.308376e-02 0.000000e+00
    outer loop
      vertex   6.340460e+01 5.229136e+01 3.361649e+01
      vertex   6.343999e+01 5.285132e+01 3.800000e+01
      vertex   6.343999e+01 5.285132e+01 2.800000e+01
    endloop
  endfacet
  facet normal -9.977741e-01 6.668433e-02 3.604521e-04
    outer loop
      vertex   6.340460e+01 5.229136e+01 3.361649e+01
      vertex   6.343999e+01 5.285132e+01 2.800000e+01
      vertex   6.340126e+01 5.224404e+01 3.313581e+01
    endloop
  endfacet
  facet normal -9.974883e-01 7.082621e-02 8.523607e-04
    outer loop
      vertex   6.340126e+01 5.224404e+01 3.313581e+01
      vertex   6.343999e+01 5.285132e+01 2.800000e+01
      vertex   6.339071e+01 5.210114e+01 3.265965e+01
    endloop
  endfacet
  facet normal -9.971481e-01 7.545236e-02 1.600746e-03
    outer loop
      vertex   6.339071e+01 5.210114e+01 3.265965e+01
      vertex   6.343999e+01 5.285132e+01 2.800000e+01
      vertex   6.337221e+01 5.186592e+01 3.222192e+01
    endloop
  endfacet
  facet normal -9.966583e-01 8.162689e-02 3.049755e-03
    outer loop
      vertex   6.337221e+01 5.186592e+01 3.222192e+01
      vertex   6.343999e+01 5.285132e+01 2.800000e+01
      vertex   6.334604e+01 5.156034e+01 3.184872e+01
    endloop
  endfacet
  facet normal -9.964874e-01 8.365979e-02 3.735824e-03
    outer loop
      vertex   6.334604e+01 5.156034e+01 3.184872e+01
      vertex   6.343999e+01 5.285132e+01 2.800000e+01
      vertex   6.326017e+01 5.070934e+01 2.800000e+01
    endloop
  endfacet
  facet normal -9.956760e-01 9.287843e-02 1.679365e-03
    outer loop
      vertex   6.334604e+01 5.156034e+01 3.184872e+01
      vertex   6.326017e+01 5.070934e+01 2.800000e+01
      vertex   6.331084e+01 5.118849e+01 3.154240e+01
    endloop
  endfacet
  facet normal -9.945199e-01 1.045471e-01 8.451658e-05
    outer loop
      vertex   6.331084e+01 5.118849e+01 3.154240e+01
      vertex   6.326017e+01 5.070934e+01 2.800000e+01
      vertex   6.326503e+01 5.075295e+01 3.130684e+01
    endloop
  endfacet
  facet normal -9.931748e-01 1.166354e-01 -7.687717e-05
    outer loop
      vertex   6.326503e+01 5.075295e+01 3.130684e+01
      vertex   6.326017e+01 5.070934e+01 2.800000e+01
      vertex   6.320950e+01 5.027997e+01 3.116382e+01
    endloop
  endfacet
  facet normal -9.917100e-01 1.284870e-01 1.555015e-03
    outer loop
      vertex   6.320950e+01 5.027997e+01 3.116382e+01
      vertex   6.326017e+01 5.070934e+01 2.800000e+01
      vertex   6.314766e+01 4.980327e+01 3.111649e+01
    endloop
  endfacet
  facet normal -9.902612e-01 1.391426e-01 4.705280e-03
    outer loop
      vertex   6.314766e+01 4.980327e+01 3.111649e+01
      vertex   6.326017e+01 5.070934e+01 2.800000e+01
      vertex   6.296107e+01 4.858073e+01 2.800000e+01
    endloop
  endfacet
  facet normal -9.899064e-01 1.416743e-01 3.690909e-03
    outer loop
      vertex   6.314766e+01 4.980327e+01 3.111649e+01
      vertex   6.296107e+01 4.858073e+01 2.800000e+01
      vertex   6.307973e+01 4.932740e+01 3.116382e+01
    endloop
  endfacet
  facet normal -9.881412e-01 1.535455e-01 8.230713e-04
    outer loop
      vertex   6.307973e+01 4.932740e+01 3.116382e+01
      vertex   6.296107e+01 4.858073e+01 2.800000e+01
      vertex   6.300672e+01 4.885680e+01 3.130684e+01
    endloop
  endfacet
  facet normal -9.862684e-01 1.651502e-01 -1.715819e-04
    outer loop
      vertex   6.300672e+01 4.885680e+01 3.130684e+01
      vertex   6.296107e+01 4.858073e+01 2.800000e+01
      vertex   6.293436e+01 4.842488e+01 3.154240e+01
    endloop
  endfacet
  facet normal -9.844380e-01 1.757318e-01 3.077793e-04
    outer loop
      vertex   6.293436e+01 4.842488e+01 3.154240e+01
      vertex   6.296107e+01 4.858073e+01 2.800000e+01
      vertex   6.286881e+01 4.805716e+01 3.184872e+01
    endloop
  endfacet
  facet normal -9.824592e-01 1.864687e-01 1.815840e-03
    outer loop
      vertex   6.286881e+01 4.805716e+01 3.184872e+01
      vertex   6.296107e+01 4.858073e+01 2.800000e+01
      vertex   6.281229e+01 4.775572e+01 3.222192e+01
    endloop
  endfacet
  facet normal -9.799814e-01 1.990414e-01 4.360029e-03
    outer loop
      vertex   6.281229e+01 4.775572e+01 3.222192e+01
      vertex   6.296107e+01 4.858073e+01 2.800000e+01
      vertex   6.276720e+01 4.752412e+01 3.265965e+01
    endloop
  endfacet
  facet normal -9.809580e-01 1.941932e-01 3.220026e-03
    outer loop
      vertex   6.276720e+01 4.752412e+01 3.265965e+01
      vertex   6.296107e+01 4.858073e+01 2.800000e+01
      vertex   6.254365e+01 4.647214e+01 2.800000e+01
    endloop
  endfacet
  facet normal -9.795825e-01 2.010361e-01 1.609152e-03
    outer loop
      vertex   6.276720e+01 4.752412e+01 3.265965e+01
      vertex   6.254365e+01 4.647214e+01 2.800000e+01
      vertex   6.273914e+01 4.738360e+01 3.313581e+01
    endloop
  endfacet
  facet normal -9.785593e-01 2.059643e-01 6.955960e-04
    outer loop
      vertex   6.273914e+01 4.738360e+01 3.313581e+01
      vertex   6.254365e+01 4.647214e+01 2.800000e+01
      vertex   6.272970e+01 4.733712e+01 3.361649e+01
    endloop
  endfacet
  facet normal -9.776405e-01 2.102833e-01 0.000000e+00
    outer loop
      vertex   6.272970e+01 4.733712e+01 3.361649e+01
      vertex   6.254365e+01 4.647214e+01 2.800000e+01
      vertex   6.254365e+01 4.647214e+01 3.800000e+01
    endloop
  endfacet
  facet normal -9.784249e-01 2.066013e-01 -7.598409e-04
    outer loop
      vertex   6.272970e+01 4.733712e+01 3.361649e+01
      vertex   6.254365e+01 4.647214e+01 3.800000e+01
      vertex   6.273914e+01 4.738360e+01 3.409717e+01
    endloop
  endfacet
  facet normal -9.793922e-01 2.019585e-01 -1.892569e-03
    outer loop
      vertex   6.273914e+01 4.738360e+01 3.409717e+01
      vertex   6.254365e+01 4.647214e+01 3.800000e+01
      vertex   6.276720e+01 4.752412e+01 3.457332e+01
    endloop
  endfacet
  facet normal -9.809537e-01 1.941924e-01 -4.378619e-03
    outer loop
      vertex   6.276720e+01 4.752412e+01 3.457332e+01
      vertex   6.254365e+01 4.647214e+01 3.800000e+01
      vertex   6.296107e+01 4.858073e+01 3.800000e+01
    endloop
  endfacet
  facet normal -9.785505e-01 2.058476e-01 -8.108484e-03
    outer loop
      vertex   6.276720e+01 4.752412e+01 3.457332e+01
      vertex   6.296107e+01 4.858073e+01 3.800000e+01
      vertex   6.281229e+01 4.775572e+01 3.501105e+01
    endloop
  endfacet
  facet normal -9.821976e-01 1.878275e-01 -2.952959e-03
    outer loop
      vertex   6.281229e+01 4.775572e+01 3.501105e+01
      vertex   6.296107e+01 4.858073e+01 3.800000e+01
      vertex   6.286881e+01 4.805716e+01 3.538425e+01
    endloop
  endfacet
  facet normal -9.844129e-01 1.758724e-01 -4.818735e-04
    outer loop
      vertex   6.286881e+01 4.805716e+01 3.538425e+01
      vertex   6.296107e+01 4.858073e+01 3.800000e+01
      vertex   6.293436e+01 4.842488e+01 3.569057e+01
    endloop
  endfacet
  facet normal -9.862768e-01 1.650998e-01 2.666896e-04
    outer loop
      vertex   6.293436e+01 4.842488e+01 3.569057e+01
      vertex   6.296107e+01 4.858073e+01 3.800000e+01
      vertex   6.300672e+01 4.885680e+01 3.592613e+01
    endloop
  endfacet
  facet normal -9.881190e-01 1.536850e-01 -1.293355e-03
    outer loop
      vertex   6.300672e+01 4.885680e+01 3.592613e+01
      vertex   6.296107e+01 4.858073e+01 3.800000e+01
      vertex   6.307973e+01 4.932740e+01 3.606915e+01
    endloop
  endfacet
  facet normal -9.898639e-01 1.418940e-01 -5.960238e-03
    outer loop
      vertex   6.307973e+01 4.932740e+01 3.606915e+01
      vertex   6.296107e+01 4.858073e+01 3.800000e+01
      vertex   6.314766e+01 4.980327e+01 3.611649e+01
    endloop
  endfacet
  facet normal -9.902421e-01 1.391400e-01 -7.785263e-03
    outer loop
      vertex   6.314766e+01 4.980327e+01 3.611649e+01
      vertex   6.296107e+01 4.858073e+01 3.800000e+01
      vertex   6.326017e+01 5.070934e+01 3.800000e+01
    endloop
  endfacet
  facet normal -9.917203e-01 1.283919e-01 -2.526567e-03
    outer loop
      vertex   6.314766e+01 4.980327e+01 3.611649e+01
      vertex   6.326017e+01 5.070934e+01 3.800000e+01
      vertex   6.320950e+01 5.027997e+01 3.606915e+01
    endloop
  endfacet
  facet normal -9.931732e-01 1.166491e-01 1.228751e-04
    outer loop
      vertex   6.320950e+01 5.027997e+01 3.606915e+01
      vertex   6.326017e+01 5.070934e+01 3.800000e+01
      vertex   6.326503e+01 5.075295e+01 3.592613e+01
    endloop
  endfacet
  facet normal -9.945228e-01 1.045199e-01 -1.353425e-04
    outer loop
      vertex   6.326503e+01 5.075295e+01 3.592613e+01
      vertex   6.326017e+01 5.070934e+01 3.800000e+01
      vertex   6.331084e+01 5.118849e+01 3.569057e+01
    endloop
  endfacet
  facet normal -9.957556e-01 9.199497e-02 -2.760996e-03
    outer loop
      vertex   6.331084e+01 5.118849e+01 3.569057e+01
      vertex   6.326017e+01 5.070934e+01 3.800000e+01
      vertex   6.334604e+01 5.156034e+01 3.538425e+01
    endloop
  endfacet
  facet normal -9.964793e-01 8.365911e-02 -5.496715e-03
    outer loop
      vertex   6.334604e+01 5.156034e+01 3.538425e+01
      vertex   6.326017e+01 5.070934e+01 3.800000e+01
      vertex   6.343999e+01 5.285132e+01 3.800000e+01
    endloop
  endfacet
  facet normal -9.967437e-01 8.053840e-02 -3.947014e-03
    outer loop
      vertex   6.334604e+01 5.156034e+01 3.538425e+01
      vertex   6.343999e+01 5.285132e+01 3.800000e+01
      vertex   6.337221e+01 5.186592e+01 3.501105e+01
    endloop
  endfacet
  facet normal -9.972044e-01 7.469500e-02 -2.010103e-03
    outer loop
      vertex   6.337221e+01 5.186592e+01 3.501105e+01
      vertex   6.343999e+01 5.285132e+01 3.800000e+01
      vertex   6.339071e+01 5.210114e+01 3.457332e+01
    endloop
  endfacet
  facet normal -9.975297e-01 7.023825e-02 -1.029738e-03
    outer loop
      vertex   6.339071e+01 5.210114e+01 3.457332e+01
      vertex   6.343999e+01 5.285132e+01 3.800000e+01
      vertex   6.340126e+01 5.224404e+01 3.409717e+01
    endloop
  endfacet
  facet normal -7.781256e-01 6.281086e-01 -3.028167e-04
    outer loop
      vertex   5.485295e+01 3.068841e+01 3.387834e+01
      vertex   5.517555e+01 3.109004e+01 3.800000e+01
      vertex   5.488286e+01 3.072523e+01 3.339766e+01
    endloop
  endfacet
  facet normal -7.799938e-01 6.257873e-01 0.000000e+00
    outer loop
      vertex   5.488286e+01 3.072523e+01 3.339766e+01
      vertex   5.517555e+01 3.109004e+01 3.800000e+01
      vertex   5.517555e+01 3.109004e+01 2.800000e+01
    endloop
  endfacet
  facet normal -7.779744e-01 6.282960e-01 2.790596e-04
    outer loop
      vertex   5.488286e+01 3.072523e+01 3.339766e+01
      vertex   5.517555e+01 3.109004e+01 2.800000e+01
      vertex   5.485295e+01 3.068841e+01 3.291698e+01
    endloop
  endfacet
  facet normal -7.755300e-01 6.313103e-01 6.856533e-04
    outer loop
      vertex   5.485295e+01 3.068841e+01 3.291698e+01
      vertex   5.517555e+01 3.109004e+01 2.800000e+01
      vertex   5.476224e+01 3.057749e+01 3.244083e+01
    endloop
  endfacet
  facet normal -7.726585e-01 6.348204e-01 1.358033e-03
    outer loop
      vertex   5.476224e+01 3.057749e+01 3.244083e+01
      vertex   5.517555e+01 3.109004e+01 2.800000e+01
      vertex   5.461200e+01 3.039556e+01 3.200309e+01
    endloop
  endfacet
  facet normal -7.687475e-01 6.395465e-01 2.728544e-03
    outer loop
      vertex   5.461200e+01 3.039556e+01 3.200309e+01
      vertex   5.517555e+01 3.109004e+01 2.800000e+01
      vertex   5.441507e+01 3.016044e+01 3.162989e+01
    endloop
  endfacet
  facet normal -7.661320e-01 6.426704e-01 4.076524e-03
    outer loop
      vertex   5.441507e+01 3.016044e+01 3.162989e+01
      vertex   5.517555e+01 3.109004e+01 2.800000e+01
      vertex   5.379411e+01 2.944322e+01 2.800000e+01
    endloop
  endfacet
  facet normal -7.621432e-01 6.474038e-01 2.458916e-03
    outer loop
      vertex   5.441507e+01 3.016044e+01 3.162989e+01
      vertex   5.379411e+01 2.944322e+01 2.800000e+01
      vertex   5.417268e+01 2.987625e+01 3.132358e+01
    endloop
  endfacet
  facet normal -7.541735e-01 6.566751e-01 3.431496e-04
    outer loop
      vertex   5.417268e+01 2.987625e+01 3.132358e+01
      vertex   5.379411e+01 2.944322e+01 2.800000e+01
      vertex   5.388503e+01 2.954602e+01 3.108801e+01
    endloop
  endfacet
  facet normal -7.460125e-01 6.659319e-01 -2.053161e-04
    outer loop
      vertex   5.388503e+01 2.954602e+01 3.108801e+01
      vertex   5.379411e+01 2.944322e+01 2.800000e+01
      vertex   5.356791e+01 2.919073e+01 3.094499e+01
    endloop
  endfacet
  facet normal -7.380069e-01 6.747921e-01 1.169196e-03
    outer loop
      vertex   5.356791e+01 2.919073e+01 3.094499e+01
      vertex   5.379411e+01 2.944322e+01 2.800000e+01
      vertex   5.324351e+01 2.883601e+01 3.089766e+01
    endloop
  endfacet
  facet normal -7.288923e-01 6.846104e-01 4.958556e-03
    outer loop
      vertex   5.324351e+01 2.883601e+01 3.089766e+01
      vertex   5.379411e+01 2.944322e+01 2.800000e+01
      vertex   5.291459e+01 2.848548e+01 3.094499e+01
    endloop
  endfacet
  facet normal -7.290681e-01 6.844240e-01 4.845439e-03
    outer loop
      vertex   5.291459e+01 2.848548e+01 3.094499e+01
      vertex   5.379411e+01 2.944322e+01 2.800000e+01
      vertex   5.232291e+01 2.787605e+01 2.800000e+01
    endloop
  endfacet
  facet normal -7.206179e-01 6.933312e-01 1.304536e-03
    outer loop
      vertex   5.291459e+01 2.848548e+01 3.094499e+01
      vertex   5.232291e+01 2.787605e+01 2.800000e+01
      vertex   5.258454e+01 2.814216e+01 3.108801e+01
    endloop
  endfacet
  facet normal -7.124945e-01 7.016777e-01 -1.029767e-04
    outer loop
      vertex   5.258454e+01 2.814216e+01 3.108801e+01
      vertex   5.232291e+01 2.787605e+01 2.800000e+01
      vertex   5.227723e+01 2.783015e+01 3.132358e+01
    endloop
  endfacet
  facet normal -7.050640e-01 7.091436e-01 1.022747e-04
    outer loop
      vertex   5.227723e+01 2.783015e+01 3.132358e+01
      vertex   5.232291e+01 2.787605e+01 2.800000e+01
      vertex   5.201237e+01 2.756678e+01 3.162989e+01
    endloop
  endfacet
  facet normal -6.975418e-01 7.165427e-01 1.376224e-03
    outer loop
      vertex   5.201237e+01 2.756678e+01 3.162989e+01
      vertex   5.232291e+01 2.787605e+01 2.800000e+01
      vertex   5.179297e+01 2.735247e+01 3.200309e+01
    endloop
  endfacet
  facet normal -6.889376e-01 7.248117e-01 3.596809e-03
    outer loop
      vertex   5.179297e+01 2.735247e+01 3.200309e+01
      vertex   5.232291e+01 2.787605e+01 2.800000e+01
      vertex   5.162304e+01 2.718878e+01 3.244083e+01
    endloop
  endfacet
  facet normal -6.610359e-01 7.502594e-01 1.193245e-02
    outer loop
      vertex   5.162304e+01 2.718878e+01 3.244083e+01
      vertex   5.232291e+01 2.787605e+01 2.800000e+01
      vertex   5.151937e+01 2.708987e+01 3.291698e+01
    endloop
  endfacet
  facet normal -6.897390e-01 7.240516e-01 3.051279e-03
    outer loop
      vertex   5.151937e+01 2.708987e+01 3.291698e+01
      vertex   5.232291e+01 2.787605e+01 2.800000e+01
      vertex   5.076654e+01 2.639344e+01 2.800000e+01
    endloop
  endfacet
  facet normal -6.819212e-01 7.314252e-01 8.099294e-04
    outer loop
      vertex   5.151937e+01 2.708987e+01 3.291698e+01
      vertex   5.076654e+01 2.639344e+01 2.800000e+01
      vertex   5.148494e+01 2.705724e+01 3.339766e+01
    endloop
  endfacet
  facet normal -6.786454e-01 7.344660e-01 0.000000e+00
    outer loop
      vertex   5.148494e+01 2.705724e+01 3.339766e+01
      vertex   5.076654e+01 2.639344e+01 2.800000e+01
      vertex   5.076654e+01 2.639344e+01 3.800000e+01
    endloop
  endfacet
  facet normal -6.815921e-01 7.317318e-01 -8.543089e-04
    outer loop
      vertex   5.148494e+01 2.705724e+01 3.339766e+01
      vertex   5.076654e+01 2.639344e+01 3.800000e+01
      vertex   5.151937e+01 2.708987e+01 3.387834e+01
    endloop
  endfacet
  facet normal -6.897377e-01 7.240502e-01 -3.640051e-03
    outer loop
      vertex   5.151937e+01 2.708987e+01 3.387834e+01
      vertex   5.076654e+01 2.639344e+01 3.800000e+01
      vertex   5.232291e+01 2.787605e+01 3.800000e+01
    endloop
  endfacet
  facet normal -5.977159e-01 8.008886e-01 -3.623688e-02
    outer loop
      vertex   5.151937e+01 2.708987e+01 3.387834e+01
      vertex   5.232291e+01 2.787605e+01 3.800000e+01
      vertex   5.162304e+01 2.718878e+01 3.435449e+01
    endloop
  endfacet
  facet normal -6.868233e-01 7.268061e-01 -5.163423e-03
    outer loop
      vertex   5.162304e+01 2.718878e+01 3.435449e+01
      vertex   5.232291e+01 2.787605e+01 3.800000e+01
      vertex   5.179297e+01 2.735247e+01 3.479223e+01
    endloop
  endfacet
  facet normal -6.971265e-01 7.169458e-01 -1.851840e-03
    outer loop
      vertex   5.179297e+01 2.735247e+01 3.479223e+01
      vertex   5.232291e+01 2.787605e+01 3.800000e+01
      vertex   5.201237e+01 2.756678e+01 3.516543e+01
    endloop
  endfacet
  facet normal -7.050449e-01 7.091626e-01 -1.351379e-04
    outer loop
      vertex   5.201237e+01 2.756678e+01 3.516543e+01
      vertex   5.232291e+01 2.787605e+01 3.800000e+01
      vertex   5.227723e+01 2.783015e+01 3.547174e+01
    endloop
  endfacet
  facet normal -7.125069e-01 7.016651e-01 1.358229e-04
    outer loop
      vertex   5.227723e+01 2.783015e+01 3.547174e+01
      vertex   5.232291e+01 2.787605e+01 3.800000e+01
      vertex   5.258454e+01 2.814216e+01 3.570731e+01
    endloop
  endfacet
  facet normal -7.205276e-01 6.934241e-01 -1.735982e-03
    outer loop
      vertex   5.258454e+01 2.814216e+01 3.570731e+01
      vertex   5.232291e+01 2.787605e+01 3.800000e+01
      vertex   5.291459e+01 2.848548e+01 3.585033e+01
    endloop
  endfacet
  facet normal -7.290606e-01 6.844170e-01 -6.638051e-03
    outer loop
      vertex   5.291459e+01 2.848548e+01 3.585033e+01
      vertex   5.232291e+01 2.787605e+01 3.800000e+01
      vertex   5.379411e+01 2.944322e+01 3.800000e+01
    endloop
  endfacet
  facet normal -7.287523e-01 6.847425e-01 -6.909189e-03
    outer loop
      vertex   5.291459e+01 2.848548e+01 3.585033e+01
      vertex   5.379411e+01 2.944322e+01 3.800000e+01
      vertex   5.324351e+01 2.883601e+01 3.589766e+01
    endloop
  endfacet
  facet normal -7.380348e-01 6.747608e-01 -1.595152e-03
    outer loop
      vertex   5.324351e+01 2.883601e+01 3.589766e+01
      vertex   5.379411e+01 2.944322e+01 3.800000e+01
      vertex   5.356791e+01 2.919073e+01 3.585033e+01
    endloop
  endfacet
  facet normal -7.459980e-01 6.659481e-01 2.778427e-04
    outer loop
      vertex   5.356791e+01 2.919073e+01 3.585033e+01
      vertex   5.379411e+01 2.944322e+01 3.800000e+01
      vertex   5.388503e+01 2.954602e+01 3.570731e+01
    endloop
  endfacet
  facet normal -7.542169e-01 6.566252e-01 -4.661464e-04
    outer loop
      vertex   5.388503e+01 2.954602e+01 3.570731e+01
      vertex   5.379411e+01 2.944322e+01 3.800000e+01
      vertex   5.417268e+01 2.987625e+01 3.547174e+01
    endloop
  endfacet
  facet normal -7.626457e-01 6.468074e-01 -3.409808e-03
    outer loop
      vertex   5.417268e+01 2.987625e+01 3.547174e+01
      vertex   5.379411e+01 2.944322e+01 3.800000e+01
      vertex   5.441507e+01 3.016044e+01 3.516543e+01
    endloop
  endfacet
  facet normal -7.661279e-01 6.426669e-01 -5.220282e-03
    outer loop
      vertex   5.441507e+01 3.016044e+01 3.516543e+01
      vertex   5.379411e+01 2.944322e+01 3.800000e+01
      vertex   5.517555e+01 3.109004e+01 3.800000e+01
    endloop
  endfacet
  facet normal -7.691394e-01 6.390729e-01 -3.233675e-03
    outer loop
      vertex   5.441507e+01 3.016044e+01 3.516543e+01
      vertex   5.517555e+01 3.109004e+01 3.800000e+01
      vertex   5.461200e+01 3.039556e+01 3.479223e+01
    endloop
  endfacet
  facet normal -7.729196e-01 6.345020e-01 -1.579949e-03
    outer loop
      vertex   5.461200e+01 3.039556e+01 3.479223e+01
      vertex   5.517555e+01 3.109004e+01 3.800000e+01
      vertex   5.476224e+01 3.057749e+01 3.435449e+01
    endloop
  endfacet
  facet normal -7.757260e-01 6.310693e-01 -7.791337e-04
    outer loop
      vertex   5.476224e+01 3.057749e+01 3.435449e+01
      vertex   5.517555e+01 3.109004e+01 3.800000e+01
      vertex   5.485295e+01 3.068841e+01 3.387834e+01
    endloop
  endfacet
  facet normal -6.482578e-01 7.614209e-01 0.000000e+00
    outer loop
      vertex   4.912986e+01 2.500000e+01 2.800000e+01
      vertex   4.912986e+01 2.500000e+01 3.800000e+01
      vertex   5.076654e+01 2.639344e+01 2.800000e+01
    endloop
  endfacet
  facet normal -6.482578e-01 7.614209e-01 0.000000e+00
    outer loop
      vertex   5.076654e+01 2.639344e+01 2.800000e+01
      vertex   4.912986e+01 2.500000e+01 3.800000e+01
      vertex   5.076654e+01 2.639344e+01 3.800000e+01
    endloop
  endfacet
  facet normal -8.008119e-01 5.989160e-01 0.000000e+00
    outer loop
      vertex   5.517555e+01 3.109004e+01 2.800000e+01
      vertex   5.517555e+01 3.109004e+01 3.800000e+01
      vertex   5.646293e+01 3.281140e+01 2.800000e+01
    endloop
  endfacet
  facet normal -8.008119e-01 5.989160e-01 0.000000e+00
    outer loop
      vertex   5.646293e+01 3.281140e+01 2.800000e+01
      vertex   5.517555e+01 3.109004e+01 3.800000e+01
      vertex   5.646293e+01 3.281140e+01 3.800000e+01
    endloop
  endfacet
  facet normal -8.329891e-01 5.532893e-01 0.000000e+00
    outer loop
      vertex   5.646293e+01 3.281140e+01 2.800000e+01
      vertex   5.646293e+01 3.281140e+01 3.800000e+01
      vertex   5.765224e+01 3.460192e+01 2.800000e+01
    endloop
  endfacet
  facet normal -8.329891e-01 5.532893e-01 0.000000e+00
    outer loop
      vertex   5.765224e+01 3.460192e+01 2.800000e+01
      vertex   5.646293e+01 3.281140e+01 3.800000e+01
      vertex   5.765224e+01 3.460192e+01 3.800000e+01
    endloop
  endfacet
  facet normal -8.625698e-01 5.059380e-01 0.000000e+00
    outer loop
      vertex   5.765224e+01 3.460192e+01 2.800000e+01
      vertex   5.765224e+01 3.460192e+01 3.800000e+01
      vertex   5.873976e+01 3.645603e+01 2.800000e+01
    endloop
  endfacet
  facet normal -8.625698e-01 5.059380e-01 0.000000e+00
    outer loop
      vertex   5.873976e+01 3.645603e+01 2.800000e+01
      vertex   5.765224e+01 3.460192e+01 3.800000e+01
      vertex   5.873976e+01 3.645603e+01 3.800000e+01
    endloop
  endfacet
  facet normal -8.894618e-01 4.570096e-01 0.000000e+00
    outer loop
      vertex   5.873976e+01 3.645603e+01 2.800000e+01
      vertex   5.873976e+01 3.645603e+01 3.800000e+01
      vertex   5.972211e+01 3.836795e+01 2.800000e+01
    endloop
  endfacet
  facet normal -8.894618e-01 4.570096e-01 0.000000e+00
    outer loop
      vertex   5.972211e+01 3.836795e+01 2.800000e+01
      vertex   5.873976e+01 3.645603e+01 3.800000e+01
      vertex   5.972211e+01 3.836795e+01 3.800000e+01
    endloop
  endfacet
  facet normal -9.135811e-01 4.066566e-01 0.000000e+00
    outer loop
      vertex   5.972211e+01 3.836795e+01 2.800000e+01
      vertex   5.972211e+01 3.836795e+01 3.800000e+01
      vertex   6.059622e+01 4.033170e+01 2.800000e+01
    endloop
  endfacet
  facet normal -9.135811e-01 4.066566e-01 0.000000e+00
    outer loop
      vertex   6.059622e+01 4.033170e+01 2.800000e+01
      vertex   5.972211e+01 3.836795e+01 3.800000e+01
      vertex   6.059622e+01 4.033170e+01 3.800000e+01
    endloop
  endfacet
  facet normal -9.348527e-01 3.550359e-01 0.000000e+00
    outer loop
      vertex   6.059622e+01 4.033170e+01 2.800000e+01
      vertex   6.059622e+01 4.033170e+01 3.800000e+01
      vertex   6.135938e+01 4.234118e+01 2.800000e+01
    endloop
  endfacet
  facet normal -9.348527e-01 3.550359e-01 0.000000e+00
    outer loop
      vertex   6.135938e+01 4.234118e+01 2.800000e+01
      vertex   6.059622e+01 4.033170e+01 3.800000e+01
      vertex   6.135938e+01 4.234118e+01 3.800000e+01
    endloop
  endfacet
  facet normal -9.532101e-01 3.023086e-01 0.000000e+00
    outer loop
      vertex   6.135938e+01 4.234118e+01 2.800000e+01
      vertex   6.135938e+01 4.234118e+01 3.800000e+01
      vertex   6.200920e+01 4.439012e+01 2.800000e+01
    endloop
  endfacet
  facet normal -9.532101e-01 3.023086e-01 0.000000e+00
    outer loop
      vertex   6.200920e+01 4.439012e+01 2.800000e+01
      vertex   6.135938e+01 4.234118e+01 3.800000e+01
      vertex   6.200920e+01 4.439012e+01 3.800000e+01
    endloop
  endfacet
  facet normal -9.685962e-01 2.486389e-01 0.000000e+00
    outer loop
      vertex   6.200920e+01 4.439012e+01 2.800000e+01
      vertex   6.200920e+01 4.439012e+01 3.800000e+01
      vertex   6.254365e+01 4.647214e+01 2.800000e+01
    endloop
  endfacet
  facet normal -9.685962e-01 2.486389e-01 0.000000e+00
    outer loop
      vertex   6.254365e+01 4.647214e+01 2.800000e+01
      vertex   6.200920e+01 4.439012e+01 3.800000e+01
      vertex   6.254365e+01 4.647214e+01 3.800000e+01
    endloop
  endfacet
  facet normal -9.996103e-01 2.791580e-02 0.000000e+00
    outer loop
      vertex   6.350000e+01 5.500000e+01 3.800000e+01
      vertex   6.350000e+01 5.500000e+01 2.800000e+01
      vertex   6.343999e+01 5.285132e+01 3.800000e+01
    endloop
  endfacet
  facet normal -9.996103e-01 2.791580e-02 0.000000e+00
    outer loop
      vertex   6.343999e+01 5.285132e+01 3.800000e+01
      vertex   6.350000e+01 5.500000e+01 2.800000e+01
      vertex   6.343999e+01 5.285132e+01 2.800000e+01
    endloop
  endfacet
  facet normal -0.000000e+00 0.000000e+00 -1.000000e+00
    outer loop
      vertex   6.500000e+01 5.500000e+01 2.800000e+01
      vertex   6.493714e+01 5.275833e+01 2.800000e+01
      vertex   6.350000e+01 5.500000e+01 2.800000e+01
    endloop
  endfacet
  facet normal 0.000000e+00 -0.000000e+00 -1.000000e+00
    outer loop
      vertex   6.350000e+01 5.500000e+01 2.800000e+01
      vertex   6.493714e+01 5.275833e+01 2.800000e+01
      vertex   6.343999e+01 5.285132e+01 2.800000e+01
    endloop
  endfacet
  facet normal 0.000000e+00 0.000000e+00 -1.000000e+00
    outer loop
      vertex   6.343999e+01 5.285132e+01 2.800000e+01
      vertex   6.493714e+01 5.275833e+01 2.800000e+01
      vertex   6.474874e+01 5.052370e+01 2.800000e+01
    endloop
  endfacet
  facet normal 0.000000e+00 -0.000000e+00 -1.000000e+00
    outer loop
      vertex   6.343999e+01 5.285132e+01 2.800000e+01
      vertex   6.474874e+01 5.052370e+01 2.800000e+01
      vertex   6.326017e+01 5.070934e+01 2.800000e+01
    endloop
  endfacet
  facet normal 0.000000e+00 0.000000e+00 -1.000000e+00
    outer loop
      vertex   6.326017e+01 5.070934e+01 2.800000e+01
      vertex   6.474874e+01 5.052370e+01 2.800000e+01
      vertex   6.443542e+01 4.830314e+01 2.800000e+01
    endloop
  endfacet
  facet normal 0.000000e+00 -0.000000e+00 -1.000000e+00
    outer loop
      vertex   6.326017e+01 5.070934e+01 2.800000e+01
      vertex   6.443542e+01 4.830314e+01 2.800000e+01
      vertex   6.296107e+01 4.858073e+01 2.800000e+01
    endloop
  endfacet
  facet normal 0.000000e+00 0.000000e+00 -1.000000e+00
    outer loop
      vertex   6.296107e+01 4.858073e+01 2.800000e+01
      vertex   6.443542e+01 4.830314e+01 2.800000e+01
      vertex   6.399814e+01 4.610363e+01 2.800000e+01
    endloop
  endfacet
  facet normal 0.000000e+00 -0.000000e+00 -1.000000e+00
    outer loop
      vertex   6.296107e+01 4.858073e+01 2.800000e+01
      vertex   6.399814e+01 4.610363e+01 2.800000e+01
      vertex   6.254365e+01 4.647214e+01 2.800000e+01
    endloop
  endfacet
  facet normal 0.000000e+00 0.000000e+00 -1.000000e+00
    outer loop
      vertex   6.254365e+01 4.647214e+01 2.800000e+01
      vertex   6.399814e+01 4.610363e+01 2.800000e+01
      vertex   6.343828e+01 4.393208e+01 2.800000e+01
    endloop
  endfacet
  facet normal 0.000000e+00 -0.000000e+00 -1.000000e+00
    outer loop
      vertex   6.254365e+01 4.647214e+01 2.800000e+01
      vertex   6.343828e+01 4.393208e+01 2.800000e+01
      vertex   6.200920e+01 4.439012e+01 2.800000e+01
    endloop
  endfacet
  facet normal 0.000000e+00 0.000000e+00 -1.000000e+00
    outer loop
      vertex   6.200920e+01 4.439012e+01 2.800000e+01
      vertex   6.343828e+01 4.393208e+01 2.800000e+01
      vertex   6.275760e+01 4.179532e+01 2.800000e+01
    endloop
  endfacet
  facet normal 0.000000e+00 -0.000000e+00 -1.000000e+00
    outer loop
      vertex   6.200920e+01 4.439012e+01 2.800000e+01
      vertex   6.275760e+01 4.179532e+01 2.800000e+01
      vertex   6.135938e+01 4.234118e+01 2.800000e+01
    endloop
  endfacet
  facet normal 0.000000e+00 0.000000e+00 -1.000000e+00
    outer loop
      vertex   6.135938e+01 4.234118e+01 2.800000e+01
      vertex   6.275760e+01 4.179532e+01 2.800000e+01
      vertex   6.195825e+01 3.970007e+01 2.800000e+01
    endloop
  endfacet
  facet normal 0.000000e+00 -0.000000e+00 -1.000000e+00
    outer loop
      vertex   6.135938e+01 4.234118e+01 2.800000e+01
      vertex   6.195825e+01 3.970007e+01 2.800000e+01
      vertex   6.059622e+01 4.033170e+01 2.800000e+01
    endloop
  endfacet
  facet normal 0.000000e+00 0.000000e+00 -1.000000e+00
    outer loop
      vertex   6.059622e+01 4.033170e+01 2.800000e+01
      vertex   6.195825e+01 3.970007e+01 2.800000e+01
      vertex   6.104273e+01 3.765290e+01 2.800000e+01
    endloop
  endfacet
  facet normal 0.000000e+00 -0.000000e+00 -1.000000e+00
    outer loop
      vertex   6.059622e+01 4.033170e+01 2.800000e+01
      vertex   6.104273e+01 3.765290e+01 2.800000e+01
      vertex   5.972211e+01 3.836795e+01 2.800000e+01
    endloop
  endfacet
  facet normal 0.000000e+00 0.000000e+00 -1.000000e+00
    outer loop
      vertex   5.972211e+01 3.836795e+01 2.800000e+01
      vertex   6.104273e+01 3.765290e+01 2.800000e+01
      vertex   6.001392e+01 3.566026e+01 2.800000e+01
    endloop
  endfacet
  facet normal 0.000000e+00 -0.000000e+00 -1.000000e+00
    outer loop
      vertex   5.972211e+01 3.836795e+01 2.800000e+01
      vertex   6.001392e+01 3.566026e+01 2.800000e+01
      vertex   5.873976e+01 3.645603e+01 2.800000e+01
    endloop
  endfacet
  facet normal 0.000000e+00 0.000000e+00 -1.000000e+00
    outer loop
      vertex   5.873976e+01 3.645603e+01 2.800000e+01
      vertex   6.001392e+01 3.566026e+01 2.800000e+01
      vertex   5.887506e+01 3.372841e+01 2.800000e+01
    endloop
  endfacet
  facet normal 0.000000e+00 -0.000000e+00 -1.000000e+00
    outer loop
      vertex   5.873976e+01 3.645603e+01 2.800000e+01
      vertex   5.887506e+01 3.372841e+01 2.800000e+01
      vertex   5.765224e+01 3.460192e+01 2.800000e+01
    endloop
  endfacet
  facet normal 0.000000e+00 -0.000000e+00 -1.000000e+00
    outer loop
      vertex   5.765224e+01 3.460192e+01 2.800000e+01
      vertex   5.887506e+01 3.372841e+01 2.800000e+01
      vertex   5.762972e+01 3.186342e+01 2.800000e+01
    endloop
  endfacet
  facet normal 0.000000e+00 0.000000e+00 -1.000000e+00
    outer loop
      vertex   5.765224e+01 3.460192e+01 2.800000e+01
      vertex   5.762972e+01 3.186342e+01 2.800000e+01
      vertex   5.646293e+01 3.281140e+01 2.800000e+01
    endloop
  endfacet
  facet normal 0.000000e+00 -0.000000e+00 -1.000000e+00
    outer loop
      vertex   5.646293e+01 3.281140e+01 2.800000e+01
      vertex   5.762972e+01 3.186342e+01 2.800000e+01
      vertex   5.628182e+01 3.007115e+01 2.800000e+01
    endloop
  endfacet
  facet normal 0.000000e+00 0.000000e+00 -1.000000e+00
    outer loop
      vertex   5.646293e+01 3.281140e+01 2.800000e+01
      vertex   5.628182e+01 3.007115e+01 2.800000e+01
      vertex   5.517555e+01 3.109004e+01 2.800000e+01
    endloop
  endfacet
  facet normal 0.000000e+00 -0.000000e+00 -1.000000e+00
    outer loop
      vertex   5.517555e+01 3.109004e+01 2.800000e+01
      vertex   5.628182e+01 3.007115e+01 2.800000e+01
      vertex   5.483560e+01 2.835724e+01 2.800000e+01
    endloop
  endfacet
  facet normal 0.000000e+00 0.000000e+00 -1.000000e+00
    outer loop
      vertex   5.517555e+01 3.109004e+01 2.800000e+01
      vertex   5.483560e+01 2.835724e+01 2.800000e+01
      vertex   5.379411e+01 2.944322e+01 2.800000e+01
    endloop
  endfacet
  facet normal 0.000000e+00 -0.000000e+00 -1.000000e+00
    outer loop
      vertex   5.379411e+01 2.944322e+01 2.800000e+01
      vertex   5.483560e+01 2.835724e+01 2.800000e+01
      vertex   5.329560e+01 2.672707e+01 2.800000e+01
    endloop
  endfacet
  facet normal 0.000000e+00 0.000000e+00 -1.000000e+00
    outer loop
      vertex   5.379411e+01 2.944322e+01 2.800000e+01
      vertex   5.329560e+01 2.672707e+01 2.800000e+01
      vertex   5.232291e+01 2.787605e+01 2.800000e+01
    endloop
  endfacet
  facet normal 0.000000e+00 -0.000000e+00 -1.000000e+00
    outer loop
      vertex   5.232291e+01 2.787605e+01 2.800000e+01
      vertex   5.329560e+01 2.672707e+01 2.800000e+01
      vertex   5.166667e+01 2.518576e+01 2.800000e+01
    endloop
  endfacet
  facet normal 0.000000e+00 0.000000e+00 -1.000000e+00
    outer loop
      vertex   5.232291e+01 2.787605e+01 2.800000e+01
      vertex   5.166667e+01 2.518576e+01 2.800000e+01
      vertex   5.076654e+01 2.639344e+01 2.800000e+01
    endloop
  endfacet
  facet normal 0.000000e+00 0.000000e+00 -1.000000e+00
    outer loop
      vertex   5.076654e+01 2.639344e+01 2.800000e+01
      vertex   5.166667e+01 2.518576e+01 2.800000e+01
      vertex   5.117866e+01 2.468347e+01 2.800000e+01
    endloop
  endfacet
  facet normal 0.000000e+00 -0.000000e+00 -1.000000e+00
    outer loop
      vertex   5.076654e+01 2.639344e+01 2.800000e+01
      vertex   5.117866e+01 2.468347e+01 2.800000e+01
      vertex   5.076562e+01 2.411793e+01 2.800000e+01
    endloop
  endfacet
  facet normal 0.000000e+00 0.000000e+00 -1.000000e+00
    outer loop
      vertex   5.076654e+01 2.639344e+01 2.800000e+01
      vertex   5.076562e+01 2.411793e+01 2.800000e+01
      vertex   5.000000e+01 2.500000e+01 2.800000e+01
    endloop
  endfacet
  facet normal 0.000000e+00 0.000000e+00 -1.000000e+00
    outer loop
      vertex   5.000000e+01 2.500000e+01 2.800000e+01
      vertex   5.076562e+01 2.411793e+01 2.800000e+01
      vertex   5.043565e+01 2.350022e+01 2.800000e+01
    endloop
  endfacet
  facet normal 0.000000e+00 0.000000e+00 -1.000000e+00
    outer loop
      vertex   5.000000e+01 2.500000e+01 2.800000e+01
      vertex   5.043565e+01 2.350022e+01 2.800000e+01
      vertex   5.019522e+01 2.284247e+01 2.800000e+01
    endloop
  endfacet
  facet normal -0.000000e+00 0.000000e+00 -1.000000e+00
    outer loop
      vertex   5.019522e+01 2.284247e+01 2.800000e+01
      vertex   5.004904e+01 2.215758e+01 2.800000e+01
      vertex   5.000000e+01 2.500000e+01 2.800000e+01
    endloop
  endfacet
  facet normal 0.000000e+00 0.000000e+00 -1.000000e+00
    outer loop
      vertex   5.000000e+01 2.500000e+01 2.800000e+01
      vertex   5.004904e+01 2.215758e+01 2.800000e+01
      vertex   5.000000e+01 2.145898e+01 2.800000e+01
    endloop
  endfacet
  facet normal -0.000000e+00 0.000000e+00 -1.000000e+00
    outer loop
      vertex   5.000000e+01 2.500000e+01 2.800000e+01
      vertex   4.912986e+01 2.500000e+01 2.800000e+01
      vertex   5.076654e+01 2.639344e+01 2.800000e+01
    endloop
  endfacet
  facet normal 9.977741e-01 6.668433e-02 3.604521e-04
    outer loop
      vertex   -1.340126e+01 5.224404e+01 3.313581e+01
      vertex   -1.343999e+01 5.285132e+01 2.800000e+01
      vertex   -1.340460e+01 5.229136e+01 3.361649e+01
    endloop
  endfacet
  facet normal 9.980082e-01 6.308376e-02 0.000000e+00
    outer loop
      vertex   -1.340460e+01 5.229136e+01 3.361649e+01
      vertex   -1.343999e+01 5.285132e+01 2.800000e+01
      vertex   -1.343999e+01 5.285132e+01 3.800000e+01
    endloop
  endfacet
  facet normal 9.978038e-01 6.623804e-02 -4.045885e-04
    outer loop
      vertex   -1.340460e+01 5.229136e+01 3.361649e+01
      vertex   -1.343999e+01 5.285132e+01 3.800000e+01
      vertex   -1.340126e+01 5.224404e+01 3.409717e+01
    endloop
  endfacet
  facet normal 9.975297e-01 7.023825e-02 -1.029738e-03
    outer loop
      vertex   -1.340126e+01 5.224404e+01 3.409717e+01
      vertex   -1.343999e+01 5.285132e+01 3.800000e+01
      vertex   -1.339071e+01 5.210114e+01 3.457332e+01
    endloop
  endfacet
  facet normal 9.972044e-01 7.469500e-02 -2.010103e-03
    outer loop
      vertex   -1.339071e+01 5.210114e+01 3.457332e+01
      vertex   -1.343999e+01 5.285132e+01 3.800000e+01
      vertex   -1.337221e+01 5.186592e+01 3.501105e+01
    endloop
  endfacet
  facet normal 9.964820e-01 8.365934e-02 -4.981866e-03
    outer loop
      vertex   -1.337221e+01 5.186592e+01 3.501105e+01
      vertex   -1.343999e+01 5.285132e+01 3.800000e+01
      vertex   -1.326017e+01 5.070934e+01 3.800000e+01
    endloop
  endfacet
  facet normal 9.971231e-01 7.535165e-02 -8.220577e-03
    outer loop
      vertex   -1.337221e+01 5.186592e+01 3.501105e+01
      vertex   -1.326017e+01 5.070934e+01 3.800000e+01
      vertex   -1.334604e+01 5.156034e+01 3.538425e+01
    endloop
  endfacet
  facet normal 9.957556e-01 9.199497e-02 -2.760996e-03
    outer loop
      vertex   -1.334604e+01 5.156034e+01 3.538425e+01
      vertex   -1.326017e+01 5.070934e+01 3.800000e+01
      vertex   -1.331084e+01 5.118849e+01 3.569057e+01
    endloop
  endfacet
  facet normal 9.945228e-01 1.045199e-01 -1.353425e-04
    outer loop
      vertex   -1.331084e+01 5.118849e+01 3.569057e+01
      vertex   -1.326017e+01 5.070934e+01 3.800000e+01
      vertex   -1.326503e+01 5.075295e+01 3.592613e+01
    endloop
  endfacet
  facet normal 9.931732e-01 1.166491e-01 1.228751e-04
    outer loop
      vertex   -1.326503e+01 5.075295e+01 3.592613e+01
      vertex   -1.326017e+01 5.070934e+01 3.800000e+01
      vertex   -1.320950e+01 5.027997e+01 3.606915e+01
    endloop
  endfacet
  facet normal 9.917203e-01 1.283919e-01 -2.526567e-03
    outer loop
      vertex   -1.320950e+01 5.027997e+01 3.606915e+01
      vertex   -1.326017e+01 5.070934e+01 3.800000e+01
      vertex   -1.314766e+01 4.980327e+01 3.611649e+01
    endloop
  endfacet
  facet normal 9.902421e-01 1.391400e-01 -7.785263e-03
    outer loop
      vertex   -1.314766e+01 4.980327e+01 3.611649e+01
      vertex   -1.326017e+01 5.070934e+01 3.800000e+01
      vertex   -1.296107e+01 4.858073e+01 3.800000e+01
    endloop
  endfacet
  facet normal 9.898639e-01 1.418940e-01 -5.960238e-03
    outer loop
      vertex   -1.314766e+01 4.980327e+01 3.611649e+01
      vertex   -1.296107e+01 4.858073e+01 3.800000e+01
      vertex   -1.307973e+01 4.932740e+01 3.606915e+01
    endloop
  endfacet
  facet normal 9.881190e-01 1.536850e-01 -1.293355e-03
    outer loop
      vertex   -1.307973e+01 4.932740e+01 3.606915e+01
      vertex   -1.296107e+01 4.858073e+01 3.800000e+01
      vertex   -1.300672e+01 4.885680e+01 3.592613e+01
    endloop
  endfacet
  facet normal 9.862768e-01 1.650998e-01 2.666896e-04
    outer loop
      vertex   -1.300672e+01 4.885680e+01 3.592613e+01
      vertex   -1.296107e+01 4.858073e+01 3.800000e+01
      vertex   -1.293436e+01 4.842488e+01 3.569057e+01
    endloop
  endfacet
  facet normal 9.844129e-01 1.758724e-01 -4.818735e-04
    outer loop
      vertex   -1.293436e+01 4.842488e+01 3.569057e+01
      vertex   -1.296107e+01 4.858073e+01 3.800000e+01
      vertex   -1.286881e+01 4.805716e+01 3.538425e+01
    endloop
  endfacet
  facet normal 9.821976e-01 1.878275e-01 -2.952959e-03
    outer loop
      vertex   -1.286881e+01 4.805716e+01 3.538425e+01
      vertex   -1.296107e+01 4.858073e+01 3.800000e+01
      vertex   -1.281229e+01 4.775572e+01 3.501105e+01
    endloop
  endfacet
  facet normal 9.809519e-01 1.941920e-01 -4.771729e-03
    outer loop
      vertex   -1.281229e+01 4.775572e+01 3.501105e+01
      vertex   -1.296107e+01 4.858073e+01 3.800000e+01
      vertex   -1.254365e+01 4.647214e+01 3.800000e+01
    endloop
  endfacet
  facet normal 9.803414e-01 1.972797e-01 -3.390865e-03
    outer loop
      vertex   -1.281229e+01 4.775572e+01 3.501105e+01
      vertex   -1.254365e+01 4.647214e+01 3.800000e+01
      vertex   -1.276720e+01 4.752412e+01 3.457332e+01
    endloop
  endfacet
  facet normal 9.793922e-01 2.019585e-01 -1.892569e-03
    outer loop
      vertex   -1.276720e+01 4.752412e+01 3.457332e+01
      vertex   -1.254365e+01 4.647214e+01 3.800000e+01
      vertex   -1.273914e+01 4.738360e+01 3.409717e+01
    endloop
  endfacet
  facet normal 9.784249e-01 2.066013e-01 -7.598409e-04
    outer loop
      vertex   -1.273914e+01 4.738360e+01 3.409717e+01
      vertex   -1.254365e+01 4.647214e+01 3.800000e+01
      vertex   -1.272970e+01 4.733712e+01 3.361649e+01
    endloop
  endfacet
  facet normal 9.776405e-01 2.102833e-01 0.000000e+00
    outer loop
      vertex   -1.272970e+01 4.733712e+01 3.361649e+01
      vertex   -1.254365e+01 4.647214e+01 3.800000e+01
      vertex   -1.254365e+01 4.647214e+01 2.800000e+01
    endloop
  endfacet
  facet normal 9.785593e-01 2.059643e-01 6.955960e-04
    outer loop
      vertex   -1.272970e+01 4.733712e+01 3.361649e+01
      vertex   -1.254365e+01 4.647214e+01 2.800000e+01
      vertex   -1.273914e+01 4.738360e+01 3.313581e+01
    endloop
  endfacet
  facet normal 9.795825e-01 2.010361e-01 1.609152e-03
    outer loop
      vertex   -1.273914e+01 4.738360e+01 3.313581e+01
      vertex   -1.254365e+01 4.647214e+01 2.800000e+01
      vertex   -1.276720e+01 4.752412e+01 3.265965e+01
    endloop
  endfacet
  facet normal 9.805725e-01 1.961373e-01 2.762626e-03
    outer loop
      vertex   -1.276720e+01 4.752412e+01 3.265965e+01
      vertex   -1.254365e+01 4.647214e+01 2.800000e+01
      vertex   -1.281229e+01 4.775572e+01 3.222192e+01
    endloop
  endfacet
  facet normal 9.809575e-01 1.941931e-01 3.378210e-03
    outer loop
      vertex   -1.281229e+01 4.775572e+01 3.222192e+01
      vertex   -1.254365e+01 4.647214e+01 2.800000e+01
      vertex   -1.296107e+01 4.858073e+01 2.800000e+01
    endloop
  endfacet
  facet normal 9.824592e-01 1.864687e-01 1.815840e-03
    outer loop
      vertex   -1.281229e+01 4.775572e+01 3.222192e+01
      vertex   -1.296107e+01 4.858073e+01 2.800000e+01
      vertex   -1.286881e+01 4.805716e+01 3.184872e+01
    endloop
  endfacet
  facet normal 9.844380e-01 1.757318e-01 3.077793e-04
    outer loop
      vertex   -1.286881e+01 4.805716e+01 3.184872e+01
      vertex   -1.296107e+01 4.858073e+01 2.800000e+01
      vertex   -1.293436e+01 4.842488e+01 3.154240e+01
    endloop
  endfacet
  facet normal 9.862684e-01 1.651502e-01 -1.715819e-04
    outer loop
      vertex   -1.293436e+01 4.842488e+01 3.154240e+01
      vertex   -1.296107e+01 4.858073e+01 2.800000e+01
      vertex   -1.300672e+01 4.885680e+01 3.130684e+01
    endloop
  endfacet
  facet normal 9.881412e-01 1.535455e-01 8.230713e-04
    outer loop
      vertex   -1.300672e+01 4.885680e+01 3.130684e+01
      vertex   -1.296107e+01 4.858073e+01 2.800000e+01
      vertex   -1.307973e+01 4.932740e+01 3.116382e+01
    endloop
  endfacet
  facet normal 9.899064e-01 1.416743e-01 3.690909e-03
    outer loop
      vertex   -1.307973e+01 4.932740e+01 3.116382e+01
      vertex   -1.296107e+01 4.858073e+01 2.800000e+01
      vertex   -1.314766e+01 4.980327e+01 3.111649e+01
    endloop
  endfacet
  facet normal 9.902612e-01 1.391426e-01 4.705280e-03
    outer loop
      vertex   -1.314766e+01 4.980327e+01 3.111649e+01
      vertex   -1.296107e+01 4.858073e+01 2.800000e+01
      vertex   -1.326017e+01 5.070934e+01 2.800000e+01
    endloop
  endfacet
  facet normal 9.917100e-01 1.284870e-01 1.555015e-03
    outer loop
      vertex   -1.314766e+01 4.980327e+01 3.111649e+01
      vertex   -1.326017e+01 5.070934e+01 2.800000e+01
      vertex   -1.320950e+01 5.027997e+01 3.116382e+01
    endloop
  endfacet
  facet normal 9.931748e-01 1.166354e-01 -7.687717e-05
    outer loop
      vertex   -1.320950e+01 5.027997e+01 3.116382e+01
      vertex   -1.326017e+01 5.070934e+01 2.800000e+01
      vertex   -1.326503e+01 5.075295e+01 3.130684e+01
    endloop
  endfacet
  facet normal 9.945199e-01 1.045471e-01 8.451658e-05
    outer loop
      vertex   -1.326503e+01 5.075295e+01 3.130684e+01
      vertex   -1.326017e+01 5.070934e+01 2.800000e+01
      vertex   -1.331084e+01 5.118849e+01 3.154240e+01
    endloop
  endfacet
  facet normal 9.956760e-01 9.287843e-02 1.679365e-03
    outer loop
      vertex   -1.331084e+01 5.118849e+01 3.154240e+01
      vertex   -1.326017e+01 5.070934e+01 2.800000e+01
      vertex   -1.334604e+01 5.156034e+01 3.184872e+01
    endloop
  endfacet
  facet normal 9.968056e-01 7.973239e-02 4.611321e-03
    outer loop
      vertex   -1.334604e+01 5.156034e+01 3.184872e+01
      vertex   -1.326017e+01 5.070934e+01 2.800000e+01
      vertex   -1.337221e+01 5.186592e+01 3.222192e+01
    endloop
  endfacet
  facet normal 9.964881e-01 8.365985e-02 3.526982e-03
    outer loop
      vertex   -1.337221e+01 5.186592e+01 3.222192e+01
      vertex   -1.326017e+01 5.070934e+01 2.800000e+01
      vertex   -1.343999e+01 5.285132e+01 2.800000e+01
    endloop
  endfacet
  facet normal 9.971481e-01 7.545236e-02 1.600746e-03
    outer loop
      vertex   -1.337221e+01 5.186592e+01 3.222192e+01
      vertex   -1.343999e+01 5.285132e+01 2.800000e+01
      vertex   -1.339071e+01 5.210114e+01 3.265965e+01
    endloop
  endfacet
  facet normal 9.974883e-01 7.082621e-02 8.523607e-04
    outer loop
      vertex   -1.339071e+01 5.210114e+01 3.265965e+01
      vertex   -1.343999e+01 5.285132e+01 2.800000e+01
      vertex   -1.340126e+01 5.224404e+01 3.313581e+01
    endloop
  endfacet
  facet normal 7.779744e-01 6.282960e-01 2.790596e-04
    outer loop
      vertex   -4.852953e+00 3.068841e+01 3.291698e+01
      vertex   -5.175552e+00 3.109004e+01 2.800000e+01
      vertex   -4.882860e+00 3.072523e+01 3.339766e+01
    endloop
  endfacet
  facet normal 7.799938e-01 6.257873e-01 0.000000e+00
    outer loop
      vertex   -4.882860e+00 3.072523e+01 3.339766e+01
      vertex   -5.175552e+00 3.109004e+01 2.800000e+01
      vertex   -5.175552e+00 3.109004e+01 3.800000e+01
    endloop
  endfacet
  facet normal 7.781256e-01 6.281086e-01 -3.028167e-04
    outer loop
      vertex   -4.882860e+00 3.072523e+01 3.339766e+01
      vertex   -5.175552e+00 3.109004e+01 3.800000e+01
      vertex   -4.852953e+00 3.068841e+01 3.387834e+01
    endloop
  endfacet
  facet normal 7.757260e-01 6.310693e-01 -7.791337e-04
    outer loop
      vertex   -4.852953e+00 3.068841e+01 3.387834e+01
      vertex   -5.175552e+00 3.109004e+01 3.800000e+01
      vertex   -4.762239e+00 3.057749e+01 3.435449e+01
    endloop
  endfacet
  facet normal 7.729196e-01 6.345020e-01 -1.579949e-03
    outer loop
      vertex   -4.762239e+00 3.057749e+01 3.435449e+01
      vertex   -5.175552e+00 3.109004e+01 3.800000e+01
      vertex   -4.611996e+00 3.039556e+01 3.479223e+01
    endloop
  endfacet
  facet normal 7.691394e-01 6.390729e-01 -3.233675e-03
    outer loop
      vertex   -4.611996e+00 3.039556e+01 3.479223e+01
      vertex   -5.175552e+00 3.109004e+01 3.800000e+01
      vertex   -4.415066e+00 3.016044e+01 3.516543e+01
    endloop
  endfacet
  facet normal 7.661279e-01 6.426669e-01 -5.220282e-03
    outer loop
      vertex   -4.415066e+00 3.016044e+01 3.516543e+01
      vertex   -5.175552e+00 3.109004e+01 3.800000e+01
      vertex   -3.794110e+00 2.944322e+01 3.800000e+01
    endloop
  endfacet
  facet normal 7.626457e-01 6.468074e-01 -3.409808e-03
    outer loop
      vertex   -4.415066e+00 3.016044e+01 3.516543e+01
      vertex   -3.794110e+00 2.944322e+01 3.800000e+01
      vertex   -4.172677e+00 2.987625e+01 3.547174e+01
    endloop
  endfacet
  facet normal 7.542169e-01 6.566252e-01 -4.661464e-04
    outer loop
      vertex   -4.172677e+00 2.987625e+01 3.547174e+01
      vertex   -3.794110e+00 2.944322e+01 3.800000e+01
      vertex   -3.885031e+00 2.954602e+01 3.570731e+01
    endloop
  endfacet
  facet normal 7.459980e-01 6.659481e-01 2.778427e-04
    outer loop
      vertex   -3.885031e+00 2.954602e+01 3.570731e+01
      vertex   -3.794110e+00 2.944322e+01 3.800000e+01
      vertex   -3.567915e+00 2.919073e+01 3.585033e+01
    endloop
  endfacet
  facet normal 7.380348e-01 6.747608e-01 -1.595152e-03
    outer loop
      vertex   -3.567915e+00 2.919073e+01 3.585033e+01
      vertex   -3.794110e+00 2.944322e+01 3.800000e+01
      vertex   -3.243508e+00 2.883601e+01 3.589766e+01
    endloop
  endfacet
  facet normal 7.290601e-01 6.844166e-01 -6.734442e-03
    outer loop
      vertex   -3.243508e+00 2.883601e+01 3.589766e+01
      vertex   -3.794110e+00 2.944322e+01 3.800000e+01
      vertex   -2.322912e+00 2.787605e+01 3.800000e+01
    endloop
  endfacet
  facet normal 7.287835e-01 6.847135e-01 -6.477734e-03
    outer loop
      vertex   -3.243508e+00 2.883601e+01 3.589766e+01
      vertex   -2.322912e+00 2.787605e+01 3.800000e+01
      vertex   -2.914589e+00 2.848548e+01 3.585033e+01
    endloop
  endfacet
  facet normal 7.205276e-01 6.934241e-01 -1.735982e-03
    outer loop
      vertex   -2.914589e+00 2.848548e+01 3.585033e+01
      vertex   -2.322912e+00 2.787605e+01 3.800000e+01
      vertex   -2.584536e+00 2.814216e+01 3.570731e+01
    endloop
  endfacet
  facet normal 7.125069e-01 7.016651e-01 1.358229e-04
    outer loop
      vertex   -2.584536e+00 2.814216e+01 3.570731e+01
      vertex   -2.322912e+00 2.787605e+01 3.800000e+01
      vertex   -2.277226e+00 2.783015e+01 3.547174e+01
    endloop
  endfacet
  facet normal 7.050449e-01 7.091626e-01 -1.351379e-04
    outer loop
      vertex   -2.277226e+00 2.783015e+01 3.547174e+01
      vertex   -2.322912e+00 2.787605e+01 3.800000e+01
      vertex   -2.012373e+00 2.756678e+01 3.516543e+01
    endloop
  endfacet
  facet normal 6.971265e-01 7.169458e-01 -1.851840e-03
    outer loop
      vertex   -2.012373e+00 2.756678e+01 3.516543e+01
      vertex   -2.322912e+00 2.787605e+01 3.800000e+01
      vertex   -1.792968e+00 2.735247e+01 3.479223e+01
    endloop
  endfacet
  facet normal 6.897361e-01 7.240485e-01 -4.232104e-03
    outer loop
      vertex   -1.792968e+00 2.735247e+01 3.479223e+01
      vertex   -2.322912e+00 2.787605e+01 3.800000e+01
      vertex   -7.665437e-01 2.639344e+01 3.800000e+01
    endloop
  endfacet
  facet normal 6.888249e-01 7.249184e-01 -3.680469e-03
    outer loop
      vertex   -1.792968e+00 2.735247e+01 3.479223e+01
      vertex   -7.665437e-01 2.639344e+01 3.800000e+01
      vertex   -1.623039e+00 2.718878e+01 3.435449e+01
    endloop
  endfacet
  facet normal 6.852473e-01 7.283074e-01 -2.100551e-03
    outer loop
      vertex   -1.623039e+00 2.718878e+01 3.435449e+01
      vertex   -7.665437e-01 2.639344e+01 3.800000e+01
      vertex   -1.519366e+00 2.708987e+01 3.387834e+01
    endloop
  endfacet
  facet normal 6.815921e-01 7.317318e-01 -8.543089e-04
    outer loop
      vertex   -1.519366e+00 2.708987e+01 3.387834e+01
      vertex   -7.665437e-01 2.639344e+01 3.800000e+01
      vertex   -1.484939e+00 2.705724e+01 3.339766e+01
    endloop
  endfacet
  facet normal 6.786454e-01 7.344660e-01 0.000000e+00
    outer loop
      vertex   -1.484939e+00 2.705724e+01 3.339766e+01
      vertex   -7.665437e-01 2.639344e+01 3.800000e+01
      vertex   -7.665437e-01 2.639344e+01 2.800000e+01
    endloop
  endfacet
  facet normal 6.819212e-01 7.314252e-01 8.099294e-04
    outer loop
      vertex   -1.484939e+00 2.705724e+01 3.339766e+01
      vertex   -7.665437e-01 2.639344e+01 2.800000e+01
      vertex   -1.519366e+00 2.708987e+01 3.291698e+01
    endloop
  endfacet
  facet normal 6.857331e-01 7.278506e-01 1.899872e-03
    outer loop
      vertex   -1.519366e+00 2.708987e+01 3.291698e+01
      vertex   -7.665437e-01 2.639344e+01 2.800000e+01
      vertex   -1.623039e+00 2.718878e+01 3.244083e+01
    endloop
  endfacet
  facet normal 6.894214e-01 7.243533e-01 3.237580e-03
    outer loop
      vertex   -1.623039e+00 2.718878e+01 3.244083e+01
      vertex   -7.665437e-01 2.639344e+01 2.800000e+01
      vertex   -1.792968e+00 2.735247e+01 3.200309e+01
    endloop
  endfacet
  facet normal 6.897383e-01 7.240508e-01 3.391296e-03
    outer loop
      vertex   -1.792968e+00 2.735247e+01 3.200309e+01
      vertex   -7.665437e-01 2.639344e+01 2.800000e+01
      vertex   -2.322912e+00 2.787605e+01 2.800000e+01
    endloop
  endfacet
  facet normal 6.975418e-01 7.165427e-01 1.376224e-03
    outer loop
      vertex   -1.792968e+00 2.735247e+01 3.200309e+01
      vertex   -2.322912e+00 2.787605e+01 2.800000e+01
      vertex   -2.012373e+00 2.756678e+01 3.162989e+01
    endloop
  endfacet
  facet normal 7.050640e-01 7.091436e-01 1.022747e-04
    outer loop
      vertex   -2.012373e+00 2.756678e+01 3.162989e+01
      vertex   -2.322912e+00 2.787605e+01 2.800000e+01
      vertex   -2.277226e+00 2.783015e+01 3.132358e+01
    endloop
  endfacet
  facet normal 7.124945e-01 7.016777e-01 -1.029767e-04
    outer loop
      vertex   -2.277226e+00 2.783015e+01 3.132358e+01
      vertex   -2.322912e+00 2.787605e+01 2.800000e+01
      vertex   -2.584536e+00 2.814216e+01 3.108801e+01
    endloop
  endfacet
  facet normal 7.206179e-01 6.933312e-01 1.304536e-03
    outer loop
      vertex   -2.584536e+00 2.814216e+01 3.108801e+01
      vertex   -2.322912e+00 2.787605e+01 2.800000e+01
      vertex   -2.914589e+00 2.848548e+01 3.094499e+01
    endloop
  endfacet
  facet normal 7.289052e-01 6.845980e-01 4.776717e-03
    outer loop
      vertex   -2.914589e+00 2.848548e+01 3.094499e+01
      vertex   -2.322912e+00 2.787605e+01 2.800000e+01
      vertex   -3.243508e+00 2.883601e+01 3.089766e+01
    endloop
  endfacet
  facet normal 7.290679e-01 6.844239e-01 4.886093e-03
    outer loop
      vertex   -3.243508e+00 2.883601e+01 3.089766e+01
      vertex   -2.322912e+00 2.787605e+01 2.800000e+01
      vertex   -3.794110e+00 2.944322e+01 2.800000e+01
    endloop
  endfacet
  facet normal 7.380069e-01 6.747921e-01 1.169196e-03
    outer loop
      vertex   -3.243508e+00 2.883601e+01 3.089766e+01
      vertex   -3.794110e+00 2.944322e+01 2.800000e+01
      vertex   -3.567915e+00 2.919073e+01 3.094499e+01
    endloop
  endfacet
  facet normal 7.460125e-01 6.659319e-01 -2.053161e-04
    outer loop
      vertex   -3.567915e+00 2.919073e+01 3.094499e+01
      vertex   -3.794110e+00 2.944322e+01 2.800000e+01
      vertex   -3.885031e+00 2.954602e+01 3.108801e+01
    endloop
  endfacet
  facet normal 7.541735e-01 6.566751e-01 3.431496e-04
    outer loop
      vertex   -3.885031e+00 2.954602e+01 3.108801e+01
      vertex   -3.794110e+00 2.944322e+01 2.800000e+01
      vertex   -4.172677e+00 2.987625e+01 3.132358e+01
    endloop
  endfacet
  facet normal 7.621432e-01 6.474038e-01 2.458916e-03
    outer loop
      vertex   -4.172677e+00 2.987625e+01 3.132358e+01
      vertex   -3.794110e+00 2.944322e+01 2.800000e+01
      vertex   -4.415066e+00 3.016044e+01 3.162989e+01
    endloop
  endfacet
  facet normal 7.661320e-01 6.426704e-01 4.076524e-03
    outer loop
      vertex   -4.415066e+00 3.016044e+01 3.162989e+01
      vertex   -3.794110e+00 2.944322e+01 2.800000e+01
      vertex   -5.175552e+00 3.109004e+01 2.800000e+01
    endloop
  endfacet
  facet normal 7.687475e-01 6.395465e-01 2.728544e-03
    outer loop
      vertex   -4.415066e+00 3.016044e+01 3.162989e+01
      vertex   -5.175552e+00 3.109004e+01 2.800000e+01
      vertex   -4.611996e+00 3.039556e+01 3.200309e+01
    endloop
  endfacet
  facet normal 7.726585e-01 6.348204e-01 1.358033e-03
    outer loop
      vertex   -4.611996e+00 3.039556e+01 3.200309e+01
      vertex   -5.175552e+00 3.109004e+01 2.800000e+01
      vertex   -4.762239e+00 3.057749e+01 3.244083e+01
    endloop
  endfacet
  facet normal 7.755300e-01 6.313103e-01 6.856533e-04
    outer loop
      vertex   -4.762239e+00 3.057749e+01 3.244083e+01
      vertex   -5.175552e+00 3.109004e+01 2.800000e+01
      vertex   -4.852953e+00 3.068841e+01 3.291698e+01
    endloop
  endfacet
  facet normal 9.996103e-01 2.791580e-02 -0.000000e+00
    outer loop
      vertex   -1.350000e+01 5.500000e+01 2.800000e+01
      vertex   -1.350000e+01 5.500000e+01 3.800000e+01
      vertex   -1.343999e+01 5.285132e+01 2.800000e+01
    endloop
  endfacet
  facet normal 9.996103e-01 2.791580e-02 -0.000000e+00
    outer loop
      vertex   -1.343999e+01 5.285132e+01 2.800000e+01
      vertex   -1.350000e+01 5.500000e+01 3.800000e+01
      vertex   -1.343999e+01 5.285132e+01 3.800000e+01
    endloop
  endfacet
  facet normal 9.685962e-01 2.486389e-01 -0.000000e+00
    outer loop
      vertex   -1.254365e+01 4.647214e+01 2.800000e+01
      vertex   -1.254365e+01 4.647214e+01 3.800000e+01
      vertex   -1.200920e+01 4.439012e+01 2.800000e+01
    endloop
  endfacet
  facet normal 9.685962e-01 2.486389e-01 -0.000000e+00
    outer loop
      vertex   -1.200920e+01 4.439012e+01 2.800000e+01
      vertex   -1.254365e+01 4.647214e+01 3.800000e+01
      vertex   -1.200920e+01 4.439012e+01 3.800000e+01
    endloop
  endfacet
  facet normal 9.532101e-01 3.023086e-01 -0.000000e+00
    outer loop
      vertex   -1.200920e+01 4.439012e+01 2.800000e+01
      vertex   -1.200920e+01 4.439012e+01 3.800000e+01
      vertex   -1.135938e+01 4.234118e+01 2.800000e+01
    endloop
  endfacet
  facet normal 9.532101e-01 3.023086e-01 -0.000000e+00
    outer loop
      vertex   -1.135938e+01 4.234118e+01 2.800000e+01
      vertex   -1.200920e+01 4.439012e+01 3.800000e+01
      vertex   -1.135938e+01 4.234118e+01 3.800000e+01
    endloop
  endfacet
  facet normal 9.348527e-01 3.550359e-01 -0.000000e+00
    outer loop
      vertex   -1.135938e+01 4.234118e+01 2.800000e+01
      vertex   -1.135938e+01 4.234118e+01 3.800000e+01
      vertex   -1.059622e+01 4.033170e+01 2.800000e+01
    endloop
  endfacet
  facet normal 9.348527e-01 3.550359e-01 -0.000000e+00
    outer loop
      vertex   -1.059622e+01 4.033170e+01 2.800000e+01
      vertex   -1.135938e+01 4.234118e+01 3.800000e+01
      vertex   -1.059622e+01 4.033170e+01 3.800000e+01
    endloop
  endfacet
  facet normal 9.135811e-01 4.066566e-01 -0.000000e+00
    outer loop
      vertex   -1.059622e+01 4.033170e+01 2.800000e+01
      vertex   -1.059622e+01 4.033170e+01 3.800000e+01
      vertex   -9.722107e+00 3.836795e+01 2.800000e+01
    endloop
  endfacet
  facet normal 9.135811e-01 4.066566e-01 -0.000000e+00
    outer loop
      vertex   -9.722107e+00 3.836795e+01 2.800000e+01
      vertex   -1.059622e+01 4.033170e+01 3.800000e+01
      vertex   -9.722107e+00 3.836795e+01 3.800000e+01
    endloop
  endfacet
  facet normal 8.894618e-01 4.570096e-01 -0.000000e+00
    outer loop
      vertex   -9.722107e+00 3.836795e+01 2.800000e+01
      vertex   -9.722107e+00 3.836795e+01 3.800000e+01
      vertex   -8.739758e+00 3.645603e+01 2.800000e+01
    endloop
  endfacet
  facet normal 8.894618e-01 4.570096e-01 -0.000000e+00
    outer loop
      vertex   -8.739758e+00 3.645603e+01 2.800000e+01
      vertex   -9.722107e+00 3.836795e+01 3.800000e+01
      vertex   -8.739758e+00 3.645603e+01 3.800000e+01
    endloop
  endfacet
  facet normal 8.625698e-01 5.059380e-01 -0.000000e+00
    outer loop
      vertex   -8.739758e+00 3.645603e+01 2.800000e+01
      vertex   -8.739758e+00 3.645603e+01 3.800000e+01
      vertex   -7.652236e+00 3.460192e+01 2.800000e+01
    endloop
  endfacet
  facet normal 8.625698e-01 5.059380e-01 -0.000000e+00
    outer loop
      vertex   -7.652236e+00 3.460192e+01 2.800000e+01
      vertex   -8.739758e+00 3.645603e+01 3.800000e+01
      vertex   -7.652236e+00 3.460192e+01 3.800000e+01
    endloop
  endfacet
  facet normal 8.329891e-01 5.532893e-01 -0.000000e+00
    outer loop
      vertex   -7.652236e+00 3.460192e+01 2.800000e+01
      vertex   -7.652236e+00 3.460192e+01 3.800000e+01
      vertex   -6.462931e+00 3.281140e+01 2.800000e+01
    endloop
  endfacet
  facet normal 8.329891e-01 5.532893e-01 -0.000000e+00
    outer loop
      vertex   -6.462931e+00 3.281140e+01 2.800000e+01
      vertex   -7.652236e+00 3.460192e+01 3.800000e+01
      vertex   -6.462931e+00 3.281140e+01 3.800000e+01
    endloop
  endfacet
  facet normal 8.008119e-01 5.989160e-01 -0.000000e+00
    outer loop
      vertex   -6.462931e+00 3.281140e+01 2.800000e+01
      vertex   -6.462931e+00 3.281140e+01 3.800000e+01
      vertex   -5.175552e+00 3.109004e+01 2.800000e+01
    endloop
  endfacet
  facet normal 8.008119e-01 5.989160e-01 -0.000000e+00
    outer loop
      vertex   -5.175552e+00 3.109004e+01 2.800000e+01
      vertex   -6.462931e+00 3.281140e+01 3.800000e+01
      vertex   -5.175552e+00 3.109004e+01 3.800000e+01
    endloop
  endfacet
  facet normal 6.482578e-01 7.614209e-01 0.000000e+00
    outer loop
      vertex   8.701430e-01 2.500000e+01 3.800000e+01
      vertex   8.701430e-01 2.500000e+01 2.800000e+01
      vertex   -7.665437e-01 2.639344e+01 3.800000e+01
    endloop
  endfacet
  facet normal 6.482578e-01 7.614209e-01 0.000000e+00
    outer loop
      vertex   -7.665437e-01 2.639344e+01 3.800000e+01
      vertex   8.701430e-01 2.500000e+01 2.800000e+01
      vertex   -7.665437e-01 2.639344e+01 2.800000e+01
    endloop
  endfacet
  facet normal -0.000000e+00 1.000000e+00 0.000000e+00
    outer loop
      vertex   -1.500000e+01 5.500000e+01 3.800000e+01
      vertex   -1.350000e+01 5.500000e+01 3.800000e+01
      vertex   -1.500000e+01 5.500000e+01 2.800000e+01
    endloop
  endfacet
  facet normal 0.000000e+00 1.000000e+00 0.000000e+00
    outer loop
      vertex   -1.500000e+01 5.500000e+01 2.800000e+01
      vertex   -1.350000e+01 5.500000e+01 3.800000e+01
      vertex   -1.350000e+01 5.500000e+01 2.800000e+01
    endloop
  endfacet
  facet normal -9.898832e-01 -1.417266e-01 6.687121e-03
    outer loop
      vertex   -1.456612e+01 4.912493e+01 3.606915e+01
      vertex   -1.443542e+01 4.830314e+01 3.800000e+01
      vertex   -1.463393e+01 4.960080e+01 3.611649e+01
    endloop
  endfacet
  facet normal -9.901586e-01 -1.397149e-01 8.102143e-03
    outer loop
      vertex   -1.463393e+01 4.960080e+01 3.611649e+01
      vertex   -1.443542e+01 4.830314e+01 3.800000e+01
      vertex   -1.474874e+01 5.052370e+01 3.800000e+01
    endloop
  endfacet
  facet normal -9.916899e-01 -1.286251e-01 2.574951e-03
    outer loop
      vertex   -1.463393e+01 4.960080e+01 3.611649e+01
      vertex   -1.474874e+01 5.052370e+01 3.800000e+01
      vertex   -1.469588e+01 5.007747e+01 3.606915e+01
    endloop
  endfacet
  facet normal -9.930936e-01 -1.173247e-01 -7.503798e-05
    outer loop
      vertex   -1.469588e+01 5.007747e+01 3.606915e+01
      vertex   -1.474874e+01 5.052370e+01 3.800000e+01
      vertex   -1.475174e+01 5.055041e+01 3.592614e+01
    endloop
  endfacet
  facet normal -9.943988e-01 -1.056933e-01 7.667488e-05
    outer loop
      vertex   -1.475174e+01 5.055041e+01 3.592614e+01
      vertex   -1.474874e+01 5.052370e+01 3.800000e+01
      vertex   -1.479805e+01 5.098588e+01 3.569057e+01
    endloop
  endfacet
  facet normal -9.955931e-01 -9.374536e-02 2.493334e-03
    outer loop
      vertex   -1.479805e+01 5.098588e+01 3.569057e+01
      vertex   -1.474874e+01 5.052370e+01 3.800000e+01
      vertex   -1.483382e+01 5.135766e+01 3.538425e+01
    endloop
  endfacet
  facet normal -9.969214e-01 -7.804314e-02 7.542809e-03
    outer loop
      vertex   -1.483382e+01 5.135766e+01 3.538425e+01
      vertex   -1.474874e+01 5.052370e+01 3.800000e+01
      vertex   -1.486056e+01 5.166317e+01 3.501105e+01
    endloop
  endfacet
  facet normal -9.964514e-01 -8.400658e-02 5.251792e-03
    outer loop
      vertex   -1.486056e+01 5.166317e+01 3.501105e+01
      vertex   -1.474874e+01 5.052370e+01 3.800000e+01
      vertex   -1.493714e+01 5.275833e+01 3.800000e+01
    endloop
  endfacet
  facet normal -9.970921e-01 -7.616958e-02 2.363892e-03
    outer loop
      vertex   -1.486056e+01 5.166317e+01 3.501105e+01
      vertex   -1.493714e+01 5.275833e+01 3.800000e+01
      vertex   -1.487956e+01 5.189832e+01 3.457331e+01
    endloop
  endfacet
  facet normal -9.974191e-01 -7.178813e-02 1.258778e-03
    outer loop
      vertex   -1.487956e+01 5.189832e+01 3.457331e+01
      vertex   -1.493714e+01 5.275833e+01 3.800000e+01
      vertex   -1.489045e+01 5.204118e+01 3.409716e+01
    endloop
  endfacet
  facet normal -9.977064e-01 -6.768808e-02 5.019556e-04
    outer loop
      vertex   -1.489045e+01 5.204118e+01 3.409716e+01
      vertex   -1.493714e+01 5.275833e+01 3.800000e+01
      vertex   -1.489390e+01 5.208848e+01 3.361649e+01
    endloop
  endfacet
  facet normal -9.979231e-01 -6.441725e-02 0.000000e+00
    outer loop
      vertex   -1.489390e+01 5.208848e+01 3.361649e+01
      vertex   -1.493714e+01 5.275833e+01 3.800000e+01
      vertex   -1.493714e+01 5.275833e+01 2.800000e+01
    endloop
  endfacet
  facet normal -9.976721e-01 -6.819198e-02 -4.521247e-04
    outer loop
      vertex   -1.489390e+01 5.208848e+01 3.361649e+01
      vertex   -1.493714e+01 5.275833e+01 2.800000e+01
      vertex   -1.489045e+01 5.204118e+01 3.313581e+01
    endloop
  endfacet
  facet normal -9.973699e-01 -7.247190e-02 -1.052506e-03
    outer loop
      vertex   -1.489045e+01 5.204118e+01 3.313581e+01
      vertex   -1.493714e+01 5.275833e+01 2.800000e+01
      vertex   -1.487956e+01 5.189832e+01 3.265966e+01
    endloop
  endfacet
  facet normal -9.970269e-01 -7.703117e-02 -1.898218e-03
    outer loop
      vertex   -1.487956e+01 5.189832e+01 3.265966e+01
      vertex   -1.493714e+01 5.275833e+01 2.800000e+01
      vertex   -1.486056e+01 5.166317e+01 3.222192e+01
    endloop
  endfacet
  facet normal -9.964582e-01 -8.400716e-02 -3.718084e-03
    outer loop
      vertex   -1.486056e+01 5.166317e+01 3.222192e+01
      vertex   -1.493714e+01 5.275833e+01 2.800000e+01
      vertex   -1.474874e+01 5.052370e+01 2.800000e+01
    endloop
  endfacet
  facet normal -9.966205e-01 -8.203293e-02 -4.255216e-03
    outer loop
      vertex   -1.486056e+01 5.166317e+01 3.222192e+01
      vertex   -1.474874e+01 5.052370e+01 2.800000e+01
      vertex   -1.483382e+01 5.135766e+01 3.184872e+01
    endloop
  endfacet
  facet normal -9.955199e-01 -9.453957e-02 -1.520860e-03
    outer loop
      vertex   -1.483382e+01 5.135766e+01 3.184872e+01
      vertex   -1.474874e+01 5.052370e+01 2.800000e+01
      vertex   -1.479805e+01 5.098588e+01 3.154240e+01
    endloop
  endfacet
  facet normal -9.943971e-01 -1.057087e-01 -4.796067e-05
    outer loop
      vertex   -1.479805e+01 5.098588e+01 3.154240e+01
      vertex   -1.474874e+01 5.052370e+01 2.800000e+01
      vertex   -1.475174e+01 5.055041e+01 3.130683e+01
    endloop
  endfacet
  facet normal -9.930946e-01 -1.173163e-01 4.699119e-05
    outer loop
      vertex   -1.475174e+01 5.055041e+01 3.130683e+01
      vertex   -1.474874e+01 5.052370e+01 2.800000e+01
      vertex   -1.469588e+01 5.007747e+01 3.116382e+01
    endloop
  endfacet
  facet normal -9.916794e-01 -1.287220e-01 -1.585310e-03
    outer loop
      vertex   -1.469588e+01 5.007747e+01 3.116382e+01
      vertex   -1.474874e+01 5.052370e+01 2.800000e+01
      vertex   -1.463393e+01 4.960080e+01 3.111649e+01
    endloop
  endfacet
  facet normal -9.901793e-01 -1.397178e-01 -4.896804e-03
    outer loop
      vertex   -1.463393e+01 4.960080e+01 3.111649e+01
      vertex   -1.474874e+01 5.052370e+01 2.800000e+01
      vertex   -1.443542e+01 4.830314e+01 2.800000e+01
    endloop
  endfacet
  facet normal -9.899323e-01 -1.414810e-01 -4.146920e-03
    outer loop
      vertex   -1.463393e+01 4.960080e+01 3.111649e+01
      vertex   -1.443542e+01 4.830314e+01 2.800000e+01
      vertex   -1.456612e+01 4.912493e+01 3.116382e+01
    endloop
  endfacet
  facet normal -9.882347e-01 -1.529412e-01 -1.100029e-03
    outer loop
      vertex   -1.456612e+01 4.912493e+01 3.116382e+01
      vertex   -1.443542e+01 4.830314e+01 2.800000e+01
      vertex   -1.449344e+01 4.865428e+01 3.130683e+01
    endloop
  endfacet
  facet normal -9.864521e-01 -1.640497e-01 1.108188e-04
    outer loop
      vertex   -1.449344e+01 4.865428e+01 3.130683e+01
      vertex   -1.443542e+01 4.830314e+01 2.800000e+01
      vertex   -1.442157e+01 4.822229e+01 3.154240e+01
    endloop
  endfacet
  facet normal -9.847334e-01 -1.740691e-01 -1.245766e-04
    outer loop
      vertex   -1.442157e+01 4.822229e+01 3.154240e+01
      vertex   -1.443542e+01 4.830314e+01 2.800000e+01
      vertex   -1.435660e+01 4.785449e+01 3.184872e+01
    endloop
  endfacet
  facet normal -9.829182e-01 -1.840380e-01 -1.323845e-03
    outer loop
      vertex   -1.435660e+01 4.785449e+01 3.184872e+01
      vertex   -1.443542e+01 4.830314e+01 2.800000e+01
      vertex   -1.430064e+01 4.755296e+01 3.222192e+01
    endloop
  endfacet
  facet normal -9.807994e-01 -1.949910e-01 -3.337677e-03
    outer loop
      vertex   -1.430064e+01 4.755296e+01 3.222192e+01
      vertex   -1.443542e+01 4.830314e+01 2.800000e+01
      vertex   -1.399814e+01 4.610363e+01 2.800000e+01
    endloop
  endfacet
  facet normal -9.807876e-01 -1.950507e-01 -3.316337e-03
    outer loop
      vertex   -1.430064e+01 4.755296e+01 3.222192e+01
      vertex   -1.399814e+01 4.610363e+01 2.800000e+01
      vertex   -1.425605e+01 4.732129e+01 3.265966e+01
    endloop
  endfacet
  facet normal -9.798008e-01 -1.999664e-01 -1.977130e-03
    outer loop
      vertex   -1.425605e+01 4.732129e+01 3.265966e+01
      vertex   -1.399814e+01 4.610363e+01 2.800000e+01
      vertex   -1.422832e+01 4.718073e+01 3.313581e+01
    endloop
  endfacet
  facet normal -9.787382e-01 -2.051119e-01 -8.503685e-04
    outer loop
      vertex   -1.422832e+01 4.718073e+01 3.313581e+01
      vertex   -1.399814e+01 4.610363e+01 2.800000e+01
      vertex   -1.421900e+01 4.713423e+01 3.361649e+01
    endloop
  endfacet
  facet normal -9.777990e-01 -2.095449e-01 0.000000e+00
    outer loop
      vertex   -1.421900e+01 4.713423e+01 3.361649e+01
      vertex   -1.399814e+01 4.610363e+01 2.800000e+01
      vertex   -1.399814e+01 4.610363e+01 3.800000e+01
    endloop
  endfacet
  facet normal -9.785932e-01 -2.058022e-01 9.199573e-04
    outer loop
      vertex   -1.421900e+01 4.713423e+01 3.361649e+01
      vertex   -1.399814e+01 4.610363e+01 3.800000e+01
      vertex   -1.422832e+01 4.718073e+01 3.409716e+01
    endloop
  endfacet
  facet normal -9.795853e-01 -2.010158e-01 2.299439e-03
    outer loop
      vertex   -1.422832e+01 4.718073e+01 3.409716e+01
      vertex   -1.399814e+01 4.610363e+01 3.800000e+01
      vertex   -1.425605e+01 4.732129e+01 3.457331e+01
    endloop
  endfacet
  facet normal -9.805261e-01 -1.963473e-01 4.029179e-03
    outer loop
      vertex   -1.425605e+01 4.732129e+01 3.457331e+01
      vertex   -1.399814e+01 4.610363e+01 3.800000e+01
      vertex   -1.430064e+01 4.755296e+01 3.501105e+01
    endloop
  endfacet
  facet normal -9.807939e-01 -1.949899e-01 4.714473e-03
    outer loop
      vertex   -1.430064e+01 4.755296e+01 3.501105e+01
      vertex   -1.399814e+01 4.610363e+01 3.800000e+01
      vertex   -1.443542e+01 4.830314e+01 3.800000e+01
    endloop
  endfacet
  facet normal -9.827391e-01 -1.849848e-01 2.115650e-03
    outer loop
      vertex   -1.430064e+01 4.755296e+01 3.501105e+01
      vertex   -1.443542e+01 4.830314e+01 3.800000e+01
      vertex   -1.435660e+01 4.785449e+01 3.538425e+01
    endloop
  endfacet
  facet normal -9.847236e-01 -1.741244e-01 1.930818e-04
    outer loop
      vertex   -1.435660e+01 4.785449e+01 3.538425e+01
      vertex   -1.443542e+01 4.830314e+01 3.800000e+01
      vertex   -1.442157e+01 4.822229e+01 3.569057e+01
    endloop
  endfacet
  facet normal -9.864574e-01 -1.640177e-01 -1.711358e-04
    outer loop
      vertex   -1.442157e+01 4.822229e+01 3.569057e+01
      vertex   -1.443542e+01 4.830314e+01 3.800000e+01
      vertex   -1.449344e+01 4.865428e+01 3.592614e+01
    endloop
  endfacet
  facet normal -9.882052e-01 -1.531257e-01 1.721975e-03
    outer loop
      vertex   -1.449344e+01 4.865428e+01 3.592614e+01
      vertex   -1.443542e+01 4.830314e+01 3.800000e+01
      vertex   -1.456612e+01 4.912493e+01 3.606915e+01
    endloop
  endfacet
  facet normal -7.378339e-01 -6.749816e-01 1.000826e-03
    outer loop
      vertex   -4.668391e+00 2.817127e+01 3.585033e+01
      vertex   -4.343904e+00 2.781664e+01 3.589766e+01
      vertex   -4.835603e+00 2.835724e+01 3.800000e+01
    endloop
  endfacet
  facet normal -7.290178e-01 -6.844727e-01 5.503340e-03
    outer loop
      vertex   -4.835603e+00 2.835724e+01 3.800000e+01
      vertex   -4.343904e+00 2.781664e+01 3.589766e+01
      vertex   -4.015075e+00 2.746603e+01 3.585033e+01
    endloop
  endfacet
  facet normal -7.269067e-01 -6.866981e-01 7.231743e-03
    outer loop
      vertex   -4.835603e+00 2.835724e+01 3.800000e+01
      vertex   -4.015075e+00 2.746603e+01 3.585033e+01
      vertex   -3.295604e+00 2.672707e+01 3.800000e+01
    endloop
  endfacet
  facet normal -7.207557e-01 -6.931829e-01 2.943868e-03
    outer loop
      vertex   -3.295604e+00 2.672707e+01 3.800000e+01
      vertex   -4.015075e+00 2.746603e+01 3.585033e+01
      vertex   -3.685266e+00 2.712249e+01 3.570731e+01
    endloop
  endfacet
  facet normal -7.131477e-01 -7.010137e-01 3.002399e-04
    outer loop
      vertex   -3.295604e+00 2.672707e+01 3.800000e+01
      vertex   -3.685266e+00 2.712249e+01 3.570731e+01
      vertex   -3.378322e+00 2.681013e+01 3.547175e+01
    endloop
  endfacet
  facet normal -7.063010e-01 -7.079117e-01 -1.504106e-04
    outer loop
      vertex   -3.378322e+00 2.681013e+01 3.547175e+01
      vertex   -3.113887e+00 2.654636e+01 3.516543e+01
      vertex   -3.295604e+00 2.672707e+01 3.800000e+01
    endloop
  endfacet
  facet normal -6.994559e-01 -7.146754e-01 7.195832e-04
    outer loop
      vertex   -3.295604e+00 2.672707e+01 3.800000e+01
      vertex   -3.113887e+00 2.654636e+01 3.516543e+01
      vertex   -2.894903e+00 2.633167e+01 3.479222e+01
    endloop
  endfacet
  facet normal -6.872938e-01 -7.263702e-01 3.680346e-03
    outer loop
      vertex   -3.295604e+00 2.672707e+01 3.800000e+01
      vertex   -2.894903e+00 2.633167e+01 3.479222e+01
      vertex   -1.666667e+00 2.518576e+01 3.800000e+01
    endloop
  endfacet
  facet normal -6.888529e-01 -7.248852e-01 4.807772e-03
    outer loop
      vertex   -1.666667e+00 2.518576e+01 3.800000e+01
      vertex   -2.894903e+00 2.633167e+01 3.479222e+01
      vertex   -2.725343e+00 2.616763e+01 3.435448e+01
    endloop
  endfacet
  facet normal -6.852022e-01 -7.283475e-01 2.815081e-03
    outer loop
      vertex   -1.666667e+00 2.518576e+01 3.800000e+01
      vertex   -2.725343e+00 2.616763e+01 3.435448e+01
      vertex   -2.621916e+00 2.606849e+01 3.387833e+01
    endloop
  endfacet
  facet normal -6.813117e-01 -7.319926e-01 1.132748e-03
    outer loop
      vertex   -2.621916e+00 2.606849e+01 3.387833e+01
      vertex   -2.587575e+00 2.603579e+01 3.339766e+01
      vertex   -1.666667e+00 2.518576e+01 3.800000e+01
    endloop
  endfacet
  facet normal -6.782613e-01 -7.348208e-01 -0.000000e+00
    outer loop
      vertex   -1.666667e+00 2.518576e+01 3.800000e+01
      vertex   -2.587575e+00 2.603579e+01 3.339766e+01
      vertex   -1.666667e+00 2.518576e+01 2.800000e+01
    endloop
  endfacet
  facet normal -6.816809e-01 -7.316488e-01 -1.082977e-03
    outer loop
      vertex   -1.666667e+00 2.518576e+01 2.800000e+01
      vertex   -2.587575e+00 2.603579e+01 3.339766e+01
      vertex   -2.621916e+00 2.606849e+01 3.291699e+01
    endloop
  endfacet
  facet normal -6.857890e-01 -7.277959e-01 -2.572770e-03
    outer loop
      vertex   -1.666667e+00 2.518576e+01 2.800000e+01
      vertex   -2.621916e+00 2.606849e+01 3.291699e+01
      vertex   -2.725343e+00 2.616763e+01 3.244084e+01
    endloop
  endfacet
  facet normal -6.895766e-01 -7.242002e-01 -4.270731e-03
    outer loop
      vertex   -2.725343e+00 2.616763e+01 3.244084e+01
      vertex   -2.894903e+00 2.633167e+01 3.200310e+01
      vertex   -1.666667e+00 2.518576e+01 2.800000e+01
    endloop
  endfacet
  facet normal -6.872955e-01 -7.263720e-01 -2.949156e-03
    outer loop
      vertex   -1.666667e+00 2.518576e+01 2.800000e+01
      vertex   -2.894903e+00 2.633167e+01 3.200310e+01
      vertex   -3.295604e+00 2.672707e+01 2.800000e+01
    endloop
  endfacet
  facet normal -6.996060e-01 -7.145286e-01 -5.471020e-04
    outer loop
      vertex   -3.295604e+00 2.672707e+01 2.800000e+01
      vertex   -2.894903e+00 2.633167e+01 3.200310e+01
      vertex   -3.113887e+00 2.654636e+01 3.162989e+01
    endloop
  endfacet
  facet normal -7.062807e-01 -7.079319e-01 1.154298e-04
    outer loop
      vertex   -3.295604e+00 2.672707e+01 2.800000e+01
      vertex   -3.113887e+00 2.654636e+01 3.162989e+01
      vertex   -3.378322e+00 2.681013e+01 3.132357e+01
    endloop
  endfacet
  facet normal -7.131743e-01 -7.009867e-01 -2.297312e-04
    outer loop
      vertex   -3.378322e+00 2.681013e+01 3.132357e+01
      vertex   -3.685266e+00 2.712249e+01 3.108801e+01
      vertex   -3.295604e+00 2.672707e+01 2.800000e+01
    endloop
  endfacet
  facet normal -7.209068e-01 -6.930285e-01 -2.224510e-03
    outer loop
      vertex   -3.295604e+00 2.672707e+01 2.800000e+01
      vertex   -3.685266e+00 2.712249e+01 3.108801e+01
      vertex   -4.015075e+00 2.746603e+01 3.094499e+01
    endloop
  endfacet
  facet normal -7.269156e-01 -6.867065e-01 -5.278813e-03
    outer loop
      vertex   -3.295604e+00 2.672707e+01 2.800000e+01
      vertex   -4.015075e+00 2.746603e+01 3.094499e+01
      vertex   -4.835603e+00 2.835724e+01 2.800000e+01
    endloop
  endfacet
  facet normal -7.291275e-01 -6.843665e-01 -3.954407e-03
    outer loop
      vertex   -4.835603e+00 2.835724e+01 2.800000e+01
      vertex   -4.015075e+00 2.746603e+01 3.094499e+01
      vertex   -4.343904e+00 2.781664e+01 3.089766e+01
    endloop
  endfacet
  facet normal -7.378163e-01 -6.750012e-01 -7.327856e-04
    outer loop
      vertex   -4.835603e+00 2.835724e+01 2.800000e+01
      vertex   -4.343904e+00 2.781664e+01 3.089766e+01
      vertex   -4.668391e+00 2.817127e+01 3.094499e+01
    endloop
  endfacet
  facet normal -7.455418e-01 -6.664589e-01 2.452847e-04
    outer loop
      vertex   -4.668391e+00 2.817127e+01 3.094499e+01
      vertex   -4.985749e+00 2.852634e+01 3.108801e+01
      vertex   -4.835603e+00 2.835724e+01 2.800000e+01
    endloop
  endfacet
  facet normal -7.535229e-01 -6.574213e-01 -6.376731e-04
    outer loop
      vertex   -4.835603e+00 2.835724e+01 2.800000e+01
      vertex   -4.985749e+00 2.852634e+01 3.108801e+01
      vertex   -5.273766e+00 2.885623e+01 3.132357e+01
    endloop
  endfacet
  facet normal -7.614706e-01 -6.481922e-01 -3.071085e-03
    outer loop
      vertex   -4.835603e+00 2.835724e+01 2.800000e+01
      vertex   -5.273766e+00 2.885623e+01 3.132357e+01
      vertex   -5.516580e+00 2.914002e+01 3.162989e+01
    endloop
  endfacet
  facet normal -7.642611e-01 -6.448926e-01 -4.306145e-03
    outer loop
      vertex   -4.835603e+00 2.835724e+01 2.800000e+01
      vertex   -5.516580e+00 2.914002e+01 3.162989e+01
      vertex   -6.281824e+00 3.007115e+01 2.800000e+01
    endloop
  endfacet
  facet normal -7.674823e-01 -6.410647e-01 -2.645151e-03
    outer loop
      vertex   -6.281824e+00 3.007115e+01 2.800000e+01
      vertex   -5.516580e+00 2.914002e+01 3.162989e+01
      vertex   -5.713935e+00 2.937476e+01 3.200310e+01
    endloop
  endfacet
  facet normal -7.712560e-01 -6.365237e-01 -1.319817e-03
    outer loop
      vertex   -6.281824e+00 3.007115e+01 2.800000e+01
      vertex   -5.713935e+00 2.937476e+01 3.200310e+01
      vertex   -5.864549e+00 2.955634e+01 3.244084e+01
    endloop
  endfacet
  facet normal -7.740293e-01 -6.331494e-01 -6.680672e-04
    outer loop
      vertex   -5.864549e+00 2.955634e+01 3.244084e+01
      vertex   -5.955505e+00 2.966704e+01 3.291699e+01
      vertex   -6.281824e+00 3.007115e+01 2.800000e+01
    endloop
  endfacet
  facet normal -7.763959e-01 -6.302455e-01 -2.723459e-04
    outer loop
      vertex   -6.281824e+00 3.007115e+01 2.800000e+01
      vertex   -5.955505e+00 2.966704e+01 3.291699e+01
      vertex   -5.985496e+00 2.970377e+01 3.339766e+01
    endloop
  endfacet
  facet normal -7.783550e-01 -6.278244e-01 -2.230480e-16
    outer loop
      vertex   -6.281824e+00 3.007115e+01 2.800000e+01
      vertex   -5.985496e+00 2.970377e+01 3.339766e+01
      vertex   -6.281824e+00 3.007115e+01 3.800000e+01
    endloop
  endfacet
  facet normal -7.765433e-01 -6.300639e-01 2.954225e-04
    outer loop
      vertex   -6.281824e+00 3.007115e+01 3.800000e+01
      vertex   -5.985496e+00 2.970377e+01 3.339766e+01
      vertex   -5.955505e+00 2.966704e+01 3.387833e+01
    endloop
  endfacet
  facet normal -7.742204e-01 -6.329156e-01 7.589249e-04
    outer loop
      vertex   -6.281824e+00 3.007115e+01 3.800000e+01
      vertex   -5.955505e+00 2.966704e+01 3.387833e+01
      vertex   -5.864549e+00 2.955634e+01 3.435448e+01
    endloop
  endfacet
  facet normal -7.715100e-01 -6.362153e-01 1.535132e-03
    outer loop
      vertex   -5.864549e+00 2.955634e+01 3.435448e+01
      vertex   -5.713935e+00 2.937476e+01 3.479222e+01
      vertex   -6.281824e+00 3.007115e+01 3.800000e+01
    endloop
  endfacet
  facet normal -7.678626e-01 -6.406069e-01 3.134247e-03
    outer loop
      vertex   -6.281824e+00 3.007115e+01 3.800000e+01
      vertex   -5.713935e+00 2.937476e+01 3.479222e+01
      vertex   -5.516580e+00 2.914002e+01 3.516543e+01
    endloop
  endfacet
  facet normal -7.642566e-01 -6.448888e-01 5.514324e-03
    outer loop
      vertex   -6.281824e+00 3.007115e+01 3.800000e+01
      vertex   -5.516580e+00 2.914002e+01 3.516543e+01
      vertex   -4.835603e+00 2.835724e+01 3.800000e+01
    endloop
  endfacet
  facet normal -7.621213e-01 -6.474199e-01 4.302351e-03
    outer loop
      vertex   -4.835603e+00 2.835724e+01 3.800000e+01
      vertex   -5.516580e+00 2.914002e+01 3.516543e+01
      vertex   -5.273766e+00 2.885623e+01 3.547175e+01
    endloop
  endfacet
  facet normal -7.536054e-01 -6.573265e-01 8.712715e-04
    outer loop
      vertex   -4.835603e+00 2.835724e+01 3.800000e+01
      vertex   -5.273766e+00 2.885623e+01 3.547175e+01
      vertex   -4.985749e+00 2.852634e+01 3.570731e+01
    endloop
  endfacet
  facet normal -7.455242e-01 -6.664785e-01 -3.329699e-04
    outer loop
      vertex   -4.985749e+00 2.852634e+01 3.570731e+01
      vertex   -4.668391e+00 2.817127e+01 3.585033e+01
      vertex   -4.835603e+00 2.835724e+01 3.800000e+01
    endloop
  endfacet
  facet normal -7.992084e-01 -6.010540e-01 -2.135373e-16
    outer loop
      vertex   -6.281824e+00 3.007115e+01 2.800000e+01
      vertex   -6.281824e+00 3.007115e+01 3.800000e+01
      vertex   -7.629721e+00 3.186342e+01 2.800000e+01
    endloop
  endfacet
  facet normal -7.992084e-01 -6.010540e-01 -2.135373e-16
    outer loop
      vertex   -7.629721e+00 3.186342e+01 2.800000e+01
      vertex   -6.281824e+00 3.007115e+01 3.800000e+01
      vertex   -7.629721e+00 3.186342e+01 3.800000e+01
    endloop
  endfacet
  facet normal -8.316366e-01 -5.553203e-01 -1.972894e-16
    outer loop
      vertex   -7.629721e+00 3.186342e+01 2.800000e+01
      vertex   -7.629721e+00 3.186342e+01 3.800000e+01
      vertex   -8.875058e+00 3.372841e+01 2.800000e+01
    endloop
  endfacet
  facet normal -8.316366e-01 -5.553203e-01 0.000000e+00
    outer loop
      vertex   -8.875058e+00 3.372841e+01 2.800000e+01
      vertex   -7.629721e+00 3.186342e+01 3.800000e+01
      vertex   -8.875058e+00 3.372841e+01 3.800000e+01
    endloop
  endfacet
  facet normal -8.614508e-01 -5.078411e-01 0.000000e+00
    outer loop
      vertex   -8.875058e+00 3.372841e+01 2.800000e+01
      vertex   -8.875058e+00 3.372841e+01 3.800000e+01
      vertex   -1.001392e+01 3.566026e+01 2.800000e+01
    endloop
  endfacet
  facet normal -8.614508e-01 -5.078411e-01 0.000000e+00
    outer loop
      vertex   -1.001392e+01 3.566026e+01 2.800000e+01
      vertex   -8.875058e+00 3.372841e+01 3.800000e+01
      vertex   -1.001392e+01 3.566026e+01 3.800000e+01
    endloop
  endfacet
  facet normal -8.885573e-01 -4.587657e-01 0.000000e+00
    outer loop
      vertex   -1.001392e+01 3.566026e+01 2.800000e+01
      vertex   -1.001392e+01 3.566026e+01 3.800000e+01
      vertex   -1.104273e+01 3.765290e+01 2.800000e+01
    endloop
  endfacet
  facet normal -8.885573e-01 -4.587657e-01 0.000000e+00
    outer loop
      vertex   -1.104273e+01 3.765290e+01 2.800000e+01
      vertex   -1.001392e+01 3.566026e+01 3.800000e+01
      vertex   -1.104273e+01 3.765290e+01 3.800000e+01
    endloop
  endfacet
  facet normal -9.128709e-01 -4.082483e-01 0.000000e+00
    outer loop
      vertex   -1.104273e+01 3.765290e+01 2.800000e+01
      vertex   -1.104273e+01 3.765290e+01 3.800000e+01
      vertex   -1.195825e+01 3.970007e+01 2.800000e+01
    endloop
  endfacet
  facet normal -9.128709e-01 -4.082483e-01 4.864754e-16
    outer loop
      vertex   -1.195825e+01 3.970007e+01 2.800000e+01
      vertex   -1.104273e+01 3.765290e+01 3.800000e+01
      vertex   -1.195825e+01 3.970007e+01 3.800000e+01
    endloop
  endfacet
  facet normal -9.343153e-01 -3.564477e-01 4.979032e-16
    outer loop
      vertex   -1.195825e+01 3.970007e+01 2.800000e+01
      vertex   -1.195825e+01 3.970007e+01 3.800000e+01
      vertex   -1.275760e+01 4.179532e+01 2.800000e+01
    endloop
  endfacet
  facet normal -9.343153e-01 -3.564477e-01 -2.532713e-16
    outer loop
      vertex   -1.275760e+01 4.179532e+01 2.800000e+01
      vertex   -1.195825e+01 3.970007e+01 3.800000e+01
      vertex   -1.275760e+01 4.179532e+01 3.800000e+01
    endloop
  endfacet
  facet normal -9.528229e-01 -3.035267e-01 -2.156687e-16
    outer loop
      vertex   -1.275760e+01 4.179532e+01 2.800000e+01
      vertex   -1.275760e+01 4.179532e+01 3.800000e+01
      vertex   -1.343828e+01 4.393208e+01 2.800000e+01
    endloop
  endfacet
  facet normal -9.528229e-01 -3.035267e-01 0.000000e+00
    outer loop
      vertex   -1.343828e+01 4.393208e+01 2.800000e+01
      vertex   -1.275760e+01 4.179532e+01 3.800000e+01
      vertex   -1.343828e+01 4.393208e+01 3.800000e+01
    endloop
  endfacet
  facet normal -9.683357e-01 -2.496518e-01 0.000000e+00
    outer loop
      vertex   -1.343828e+01 4.393208e+01 2.800000e+01
      vertex   -1.343828e+01 4.393208e+01 3.800000e+01
      vertex   -1.399814e+01 4.610363e+01 2.800000e+01
    endloop
  endfacet
  facet normal -9.683357e-01 -2.496518e-01 0.000000e+00
    outer loop
      vertex   -1.399814e+01 4.610363e+01 2.800000e+01
      vertex   -1.343828e+01 4.393208e+01 3.800000e+01
      vertex   -1.399814e+01 4.610363e+01 3.800000e+01
    endloop
  endfacet
  facet normal -9.996070e-01 -2.803195e-02 -0.000000e+00
    outer loop
      vertex   -1.500000e+01 5.500000e+01 3.800000e+01
      vertex   -1.500000e+01 5.500000e+01 2.800000e+01
      vertex   -1.493714e+01 5.275833e+01 3.800000e+01
    endloop
  endfacet
  facet normal -9.996070e-01 -2.803195e-02 -0.000000e+00
    outer loop
      vertex   -1.493714e+01 5.275833e+01 3.800000e+01
      vertex   -1.500000e+01 5.500000e+01 2.800000e+01
      vertex   -1.493714e+01 5.275833e+01 2.800000e+01
    endloop
  endfacet
  facet normal 0.000000e+00 0.000000e+00 -1.000000e+00
    outer loop
      vertex   -3.295604e+00 2.672707e+01 2.800000e+01
      vertex   -2.322912e+00 2.787605e+01 2.800000e+01
      vertex   -1.666667e+00 2.518576e+01 2.800000e+01
    endloop
  endfacet
  facet normal 0.000000e+00 0.000000e+00 -1.000000e+00
    outer loop
      vertex   -1.666667e+00 2.518576e+01 2.800000e+01
      vertex   -2.322912e+00 2.787605e+01 2.800000e+01
      vertex   -7.665437e-01 2.639344e+01 2.800000e+01
    endloop
  endfacet
  facet normal 0.000000e+00 0.000000e+00 -1.000000e+00
    outer loop
      vertex   -1.666667e+00 2.518576e+01 2.800000e+01
      vertex   -7.665437e-01 2.639344e+01 2.800000e+01
      vertex   -1.178659e+00 2.468347e+01 2.800000e+01
    endloop
  endfacet
  facet normal 0.000000e+00 0.000000e+00 -1.000000e+00
    outer loop
      vertex   -1.178659e+00 2.468347e+01 2.800000e+01
      vertex   -7.665437e-01 2.639344e+01 2.800000e+01
      vertex   -7.656177e-01 2.411793e+01 2.800000e+01
    endloop
  endfacet
  facet normal 0.000000e+00 0.000000e+00 -1.000000e+00
    outer loop
      vertex   -7.656177e-01 2.411793e+01 2.800000e+01
      vertex   -7.665437e-01 2.639344e+01 2.800000e+01
      vertex   0.000000e+00 2.500000e+01 2.800000e+01
    endloop
  endfacet
  facet normal 0.000000e+00 0.000000e+00 -1.000000e+00
    outer loop
      vertex   -7.656177e-01 2.411793e+01 2.800000e+01
      vertex   0.000000e+00 2.500000e+01 2.800000e+01
      vertex   -4.356454e-01 2.350022e+01 2.800000e+01
    endloop
  endfacet
  facet normal 0.000000e+00 0.000000e+00 -1.000000e+00
    outer loop
      vertex   -4.356454e-01 2.350022e+01 2.800000e+01
      vertex   0.000000e+00 2.500000e+01 2.800000e+01
      vertex   -1.952153e-01 2.284247e+01 2.800000e+01
    endloop
  endfacet
  facet normal 0.000000e+00 0.000000e+00 -1.000000e+00
    outer loop
      vertex   -1.952153e-01 2.284247e+01 2.800000e+01
      vertex   0.000000e+00 2.500000e+01 2.800000e+01
      vertex   -4.904437e-02 2.215758e+01 2.800000e+01
    endloop
  endfacet
  facet normal 0.000000e+00 0.000000e+00 -1.000000e+00
    outer loop
      vertex   -4.904437e-02 2.215758e+01 2.800000e+01
      vertex   0.000000e+00 2.500000e+01 2.800000e+01
      vertex   0.000000e+00 2.145898e+01 2.800000e+01
    endloop
  endfacet
  facet normal -0.000000e+00 0.000000e+00 -1.000000e+00
    outer loop
      vertex   -2.322912e+00 2.787605e+01 2.800000e+01
      vertex   -3.295604e+00 2.672707e+01 2.800000e+01
      vertex   -3.794110e+00 2.944322e+01 2.800000e+01
    endloop
  endfacet
  facet normal 0.000000e+00 -0.000000e+00 -1.000000e+00
    outer loop
      vertex   -3.794110e+00 2.944322e+01 2.800000e+01
      vertex   -3.295604e+00 2.672707e+01 2.800000e+01
      vertex   -4.835603e+00 2.835724e+01 2.800000e+01
    endloop
  endfacet
  facet normal -0.000000e+00 0.000000e+00 -1.000000e+00
    outer loop
      vertex   -3.794110e+00 2.944322e+01 2.800000e+01
      vertex   -4.835603e+00 2.835724e+01 2.800000e+01
      vertex   -5.175552e+00 3.109004e+01 2.800000e+01
    endloop
  endfacet
  facet normal 0.000000e+00 -0.000000e+00 -1.000000e+00
    outer loop
      vertex   -5.175552e+00 3.109004e+01 2.800000e+01
      vertex   -4.835603e+00 2.835724e+01 2.800000e+01
      vertex   -6.281824e+00 3.007115e+01 2.800000e+01
    endloop
  endfacet
  facet normal -0.000000e+00 0.000000e+00 -1.000000e+00
    outer loop
      vertex   -5.175552e+00 3.109004e+01 2.800000e+01
      vertex   -6.281824e+00 3.007115e+01 2.800000e+01
      vertex   -6.462931e+00 3.281140e+01 2.800000e+01
    endloop
  endfacet
  facet normal 0.000000e+00 -0.000000e+00 -1.000000e+00
    outer loop
      vertex   -6.462931e+00 3.281140e+01 2.800000e+01
      vertex   -6.281824e+00 3.007115e+01 2.800000e+01
      vertex   -7.629721e+00 3.186342e+01 2.800000e+01
    endloop
  endfacet
  facet normal -0.000000e+00 0.000000e+00 -1.000000e+00
    outer loop
      vertex   -6.462931e+00 3.281140e+01 2.800000e+01
      vertex   -7.629721e+00 3.186342e+01 2.800000e+01
      vertex   -7.652236e+00 3.460192e+01 2.800000e+01
    endloop
  endfacet
  facet normal 0.000000e+00 -0.000000e+00 -1.000000e+00
    outer loop
      vertex   -7.652236e+00 3.460192e+01 2.800000e+01
      vertex   -7.629721e+00 3.186342e+01 2.800000e+01
      vertex   -8.875058e+00 3.372841e+01 2.800000e+01
    endloop
  endfacet
  facet normal -0.000000e+00 0.000000e+00 -1.000000e+00
    outer loop
      vertex   -7.652236e+00 3.460192e+01 2.800000e+01
      vertex   -8.875058e+00 3.372841e+01 2.800000e+01
      vertex   -8.739758e+00 3.645603e+01 2.800000e+01
    endloop
  endfacet
  facet normal 0.000000e+00 0.000000e+00 -1.000000e+00
    outer loop
      vertex   -8.739758e+00 3.645603e+01 2.800000e+01
      vertex   -8.875058e+00 3.372841e+01 2.800000e+01
      vertex   -1.001392e+01 3.566026e+01 2.800000e+01
    endloop
  endfacet
  facet normal -0.000000e+00 0.000000e+00 -1.000000e+00
    outer loop
      vertex   -8.739758e+00 3.645603e+01 2.800000e+01
      vertex   -1.001392e+01 3.566026e+01 2.800000e+01
      vertex   -9.722107e+00 3.836795e+01 2.800000e+01
    endloop
  endfacet
  facet normal 0.000000e+00 0.000000e+00 -1.000000e+00
    outer loop
      vertex   -9.722107e+00 3.836795e+01 2.800000e+01
      vertex   -1.001392e+01 3.566026e+01 2.800000e+01
      vertex   -1.104273e+01 3.765290e+01 2.800000e+01
    endloop
  endfacet
  facet normal -0.000000e+00 0.000000e+00 -1.000000e+00
    outer loop
      vertex   -9.722107e+00 3.836795e+01 2.800000e+01
      vertex   -1.104273e+01 3.765290e+01 2.800000e+01
      vertex   -1.059622e+01 4.033170e+01 2.800000e+01
    endloop
  endfacet
  facet normal 0.000000e+00 0.000000e+00 -1.000000e+00
    outer loop
      vertex   -1.059622e+01 4.033170e+01 2.800000e+01
      vertex   -1.104273e+01 3.765290e+01 2.800000e+01
      vertex   -1.195825e+01 3.970007e+01 2.800000e+01
    endloop
  endfacet
  facet normal -0.000000e+00 0.000000e+00 -1.000000e+00
    outer loop
      vertex   -1.059622e+01 4.033170e+01 2.800000e+01
      vertex   -1.195825e+01 3.970007e+01 2.800000e+01
      vertex   -1.135938e+01 4.234118e+01 2.800000e+01
    endloop
  endfacet
  facet normal 0.000000e+00 0.000000e+00 -1.000000e+00
    outer loop
      vertex   -1.135938e+01 4.234118e+01 2.800000e+01
      vertex   -1.195825e+01 3.970007e+01 2.800000e+01
      vertex   -1.275760e+01 4.179532e+01 2.800000e+01
    endloop
  endfacet
  facet normal -0.000000e+00 0.000000e+00 -1.000000e+00
    outer loop
      vertex   -1.135938e+01 4.234118e+01 2.800000e+01
      vertex   -1.275760e+01 4.179532e+01 2.800000e+01
      vertex   -1.200920e+01 4.439012e+01 2.800000e+01
    endloop
  endfacet
  facet normal 0.000000e+00 0.000000e+00 -1.000000e+00
    outer loop
      vertex   -1.200920e+01 4.439012e+01 2.800000e+01
      vertex   -1.275760e+01 4.179532e+01 2.800000e+01
      vertex   -1.343828e+01 4.393208e+01 2.800000e+01
    endloop
  endfacet
  facet normal -0.000000e+00 0.000000e+00 -1.000000e+00
    outer loop
      vertex   -1.200920e+01 4.439012e+01 2.800000e+01
      vertex   -1.343828e+01 4.393208e+01 2.800000e+01
      vertex   -1.254365e+01 4.647214e+01 2.800000e+01
    endloop
  endfacet
  facet normal 0.000000e+00 0.000000e+00 -1.000000e+00
    outer loop
      vertex   -1.254365e+01 4.647214e+01 2.800000e+01
      vertex   -1.343828e+01 4.393208e+01 2.800000e+01
      vertex   -1.399814e+01 4.610363e+01 2.800000e+01
    endloop
  endfacet
  facet normal -0.000000e+00 0.000000e+00 -1.000000e+00
    outer loop
      vertex   -1.254365e+01 4.647214e+01 2.800000e+01
      vertex   -1.399814e+01 4.610363e+01 2.800000e+01
      vertex   -1.296107e+01 4.858073e+01 2.800000e+01
    endloop
  endfacet
  facet normal 0.000000e+00 0.000000e+00 -1.000000e+00
    outer loop
      vertex   -1.296107e+01 4.858073e+01 2.800000e+01
      vertex   -1.399814e+01 4.610363e+01 2.800000e+01
      vertex   -1.443542e+01 4.830314e+01 2.800000e+01
    endloop
  endfacet
  facet normal -0.000000e+00 0.000000e+00 -1.000000e+00
    outer loop
      vertex   -1.296107e+01 4.858073e+01 2.800000e+01
      vertex   -1.443542e+01 4.830314e+01 2.800000e+01
      vertex   -1.326017e+01 5.070934e+01 2.800000e+01
    endloop
  endfacet
  facet normal 0.000000e+00 0.000000e+00 -1.000000e+00
    outer loop
      vertex   -1.326017e+01 5.070934e+01 2.800000e+01
      vertex   -1.443542e+01 4.830314e+01 2.800000e+01
      vertex   -1.474874e+01 5.052370e+01 2.800000e+01
    endloop
  endfacet
  facet normal -0.000000e+00 0.000000e+00 -1.000000e+00
    outer loop
      vertex   -1.326017e+01 5.070934e+01 2.800000e+01
      vertex   -1.474874e+01 5.052370e+01 2.800000e+01
      vertex   -1.343999e+01 5.285132e+01 2.800000e+01
    endloop
  endfacet
  facet normal 0.000000e+00 0.000000e+00 -1.000000e+00
    outer loop
      vertex   -1.343999e+01 5.285132e+01 2.800000e+01
      vertex   -1.474874e+01 5.052370e+01 2.800000e+01
      vertex   -1.493714e+01 5.275833e+01 2.800000e+01
    endloop
  endfacet
  facet normal -0.000000e+00 0.000000e+00 -1.000000e+00
    outer loop
      vertex   -1.343999e+01 5.285132e+01 2.800000e+01
      vertex   -1.493714e+01 5.275833e+01 2.800000e+01
      vertex   -1.350000e+01 5.500000e+01 2.800000e+01
    endloop
  endfacet
  facet normal -0.000000e+00 0.000000e+00 -1.000000e+00
    outer loop
      vertex   -1.350000e+01 5.500000e+01 2.800000e+01
      vertex   -1.493714e+01 5.275833e+01 2.800000e+01
      vertex   -1.500000e+01 5.500000e+01 2.800000e+01
    endloop
  endfacet
  facet normal 0.000000e+00 0.000000e+00 -1.000000e+00
    outer loop
      vertex   -7.665437e-01 2.639344e+01 2.800000e+01
      vertex   8.701430e-01 2.500000e+01 2.800000e+01
      vertex   0.000000e+00 2.500000e+01 2.800000e+01
    endloop
  endfacet
  facet normal -4.082908e-15 1.000000e+00 0.000000e+00
    outer loop
      vertex   5.000000e+01 2.500000e+01 2.800000e+01
      vertex   5.000000e+01 2.500000e+01 0.000000e+00
      vertex   4.912986e+01 2.500000e+01 2.800000e+01
    endloop
  endfacet
  facet normal 0.000000e+00 1.000000e+00 1.268826e-16
    outer loop
      vertex   4.912986e+01 2.500000e+01 2.800000e+01
      vertex   5.000000e+01 2.500000e+01 0.000000e+00
      vertex   0.000000e+00 2.500000e+01 0.000000e+00
    endloop
  endfacet
  facet normal 7.361655e-17 1.000000e+00 -2.287747e-18
    outer loop
      vertex   4.912986e+01 2.500000e+01 2.800000e+01
      vertex   0.000000e+00 2.500000e+01 0.000000e+00
      vertex   8.701430e-01 2.500000e+01 2.800000e+01
    endloop
  endfacet
  facet normal 0.000000e+00 1.000000e+00 0.000000e+00
    outer loop
      vertex   8.701430e-01 2.500000e+01 2.800000e+01
      vertex   0.000000e+00 2.500000e+01 0.000000e+00
      vertex   0.000000e+00 2.500000e+01 2.800000e+01
    endloop
  endfacet
  facet normal 7.361655e-17 1.000000e+00 0.000000e+00
    outer loop
      vertex   8.701430e-01 2.500000e+01 3.800000e+01
      vertex   4.912986e+01 2.500000e+01 3.800000e+01
      vertex   8.701430e-01 2.500000e+01 2.800000e+01
    endloop
  endfacet
  facet normal 7.361655e-17 1.000000e+00 0.000000e+00
    outer loop
      vertex   8.701430e-01 2.500000e+01 2.800000e+01
      vertex   4.912986e+01 2.500000e+01 3.800000e+01
      vertex   4.912986e+01 2.500000e+01 2.800000e+01
    endloop
  endfacet
  facet normal 0.000000e+00 0.000000e+00 1.000000e+00
    outer loop
      vertex   0.000000e+00 2.100000e+01 3.800000e+01
      vertex   5.000000e+01 2.100000e+01 3.800000e+01
      vertex   0.000000e+00 2.145898e+01 3.800000e+01
    endloop
  endfacet
  facet normal 0.000000e+00 0.000000e+00 1.000000e+00
    outer loop
      vertex   0.000000e+00 2.145898e+01 3.800000e+01
      vertex   5.000000e+01 2.100000e+01 3.800000e+01
      vertex   5.000000e+01 2.145898e+01 3.800000e+01
    endloop
  endfacet
  facet normal -0.000000e+00 -0.000000e+00 1.000000e+00
    outer loop
      vertex   0.000000e+00 2.145898e+01 3.800000e+01
      vertex   5.000000e+01 2.145898e+01 3.800000e+01
      vertex   -4.904437e-02 2.215758e+01 3.800000e+01
    endloop
  endfacet
  facet normal 0.000000e+00 0.000000e+00 1.000000e+00
    outer loop
      vertex   -4.904437e-02 2.215758e+01 3.800000e+01
      vertex   5.000000e+01 2.145898e+01 3.800000e+01
      vertex   5.004904e+01 2.215758e+01 3.800000e+01
    endloop
  endfacet
  facet normal -0.000000e+00 0.000000e+00 1.000000e+00
    outer loop
      vertex   -4.904437e-02 2.215758e+01 3.800000e+01
      vertex   5.004904e+01 2.215758e+01 3.800000e+01
      vertex   8.701430e-01 2.500000e+01 3.800000e+01
    endloop
  endfacet
  facet normal 0.000000e+00 0.000000e+00 1.000000e+00
    outer loop
      vertex   8.701430e-01 2.500000e+01 3.800000e+01
      vertex   5.004904e+01 2.215758e+01 3.800000e+01
      vertex   4.912986e+01 2.500000e+01 3.800000e+01
    endloop
  endfacet
  facet normal 0.000000e+00 0.000000e+00 1.000000e+00
    outer loop
      vertex   4.912986e+01 2.500000e+01 3.800000e+01
      vertex   5.004904e+01 2.215758e+01 3.800000e+01
      vertex   5.019522e+01 2.284247e+01 3.800000e+01
    endloop
  endfacet
  facet normal 0.000000e+00 0.000000e+00 1.000000e+00
    outer loop
      vertex   4.912986e+01 2.500000e+01 3.800000e+01
      vertex   5.019522e+01 2.284247e+01 3.800000e+01
      vertex   5.043565e+01 2.350022e+01 3.800000e+01
    endloop
  endfacet
  facet normal 0.000000e+00 -0.000000e+00 1.000000e+00
    outer loop
      vertex   5.043565e+01 2.350022e+01 3.800000e+01
      vertex   5.076562e+01 2.411793e+01 3.800000e+01
      vertex   4.912986e+01 2.500000e+01 3.800000e+01
    endloop
  endfacet
  facet normal 0.000000e+00 0.000000e+00 1.000000e+00
    outer loop
      vertex   4.912986e+01 2.500000e+01 3.800000e+01
      vertex   5.076562e+01 2.411793e+01 3.800000e+01
      vertex   5.117866e+01 2.468347e+01 3.800000e+01
    endloop
  endfacet
  facet normal -0.000000e+00 0.000000e+00 1.000000e+00
    outer loop
      vertex   4.912986e+01 2.500000e+01 3.800000e+01
      vertex   5.117866e+01 2.468347e+01 3.800000e+01
      vertex   5.166667e+01 2.518576e+01 3.800000e+01
    endloop
  endfacet
  facet normal 0.000000e+00 0.000000e+00 1.000000e+00
    outer loop
      vertex   4.912986e+01 2.500000e+01 3.800000e+01
      vertex   5.166667e+01 2.518576e+01 3.800000e+01
      vertex   5.076654e+01 2.639344e+01 3.800000e+01
    endloop
  endfacet
  facet normal -0.000000e+00 0.000000e+00 1.000000e+00
    outer loop
      vertex   5.076654e+01 2.639344e+01 3.800000e+01
      vertex   5.166667e+01 2.518576e+01 3.800000e+01
      vertex   5.329560e+01 2.672707e+01 3.800000e+01
    endloop
  endfacet
  facet normal 0.000000e+00 0.000000e+00 1.000000e+00
    outer loop
      vertex   5.076654e+01 2.639344e+01 3.800000e+01
      vertex   5.329560e+01 2.672707e+01 3.800000e+01
      vertex   5.232291e+01 2.787605e+01 3.800000e+01
    endloop
  endfacet
  facet normal -0.000000e+00 0.000000e+00 1.000000e+00
    outer loop
      vertex   5.232291e+01 2.787605e+01 3.800000e+01
      vertex   5.329560e+01 2.672707e+01 3.800000e+01
      vertex   5.483560e+01 2.835724e+01 3.800000e+01
    endloop
  endfacet
  facet normal 0.000000e+00 0.000000e+00 1.000000e+00
    outer loop
      vertex   5.232291e+01 2.787605e+01 3.800000e+01
      vertex   5.483560e+01 2.835724e+01 3.800000e+01
      vertex   5.379411e+01 2.944322e+01 3.800000e+01
    endloop
  endfacet
  facet normal -0.000000e+00 0.000000e+00 1.000000e+00
    outer loop
      vertex   5.379411e+01 2.944322e+01 3.800000e+01
      vertex   5.483560e+01 2.835724e+01 3.800000e+01
      vertex   5.628182e+01 3.007115e+01 3.800000e+01
    endloop
  endfacet
  facet normal 0.000000e+00 0.000000e+00 1.000000e+00
    outer loop
      vertex   5.379411e+01 2.944322e+01 3.800000e+01
      vertex   5.628182e+01 3.007115e+01 3.800000e+01
      vertex   5.517555e+01 3.109004e+01 3.800000e+01
    endloop
  endfacet
  facet normal -0.000000e+00 0.000000e+00 1.000000e+00
    outer loop
      vertex   5.517555e+01 3.109004e+01 3.800000e+01
      vertex   5.628182e+01 3.007115e+01 3.800000e+01
      vertex   5.762972e+01 3.186342e+01 3.800000e+01
    endloop
  endfacet
  facet normal 0.000000e+00 0.000000e+00 1.000000e+00
    outer loop
      vertex   5.517555e+01 3.109004e+01 3.800000e+01
      vertex   5.762972e+01 3.186342e+01 3.800000e+01
      vertex   5.646293e+01 3.281140e+01 3.800000e+01
    endloop
  endfacet
  facet normal -0.000000e+00 0.000000e+00 1.000000e+00
    outer loop
      vertex   5.646293e+01 3.281140e+01 3.800000e+01
      vertex   5.762972e+01 3.186342e+01 3.800000e+01
      vertex   5.887506e+01 3.372841e+01 3.800000e+01
    endloop
  endfacet
  facet normal 0.000000e+00 0.000000e+00 1.000000e+00
    outer loop
      vertex   5.646293e+01 3.281140e+01 3.800000e+01
      vertex   5.887506e+01 3.372841e+01 3.800000e+01
      vertex   5.765224e+01 3.460192e+01 3.800000e+01
    endloop
  endfacet
  facet normal -0.000000e+00 0.000000e+00 1.000000e+00
    outer loop
      vertex   5.765224e+01 3.460192e+01 3.800000e+01
      vertex   5.887506e+01 3.372841e+01 3.800000e+01
      vertex   6.001392e+01 3.566026e+01 3.800000e+01
    endloop
  endfacet
  facet normal 0.000000e+00 0.000000e+00 1.000000e+00
    outer loop
      vertex   5.765224e+01 3.460192e+01 3.800000e+01
      vertex   6.001392e+01 3.566026e+01 3.800000e+01
      vertex   5.873976e+01 3.645603e+01 3.800000e+01
    endloop
  endfacet
  facet normal -0.000000e+00 0.000000e+00 1.000000e+00
    outer loop
      vertex   5.873976e+01 3.645603e+01 3.800000e+01
      vertex   6.001392e+01 3.566026e+01 3.800000e+01
      vertex   6.104273e+01 3.765290e+01 3.800000e+01
    endloop
  endfacet
  facet normal 0.000000e+00 0.000000e+00 1.000000e+00
    outer loop
      vertex   5.873976e+01 3.645603e+01 3.800000e+01
      vertex   6.104273e+01 3.765290e+01 3.800000e+01
      vertex   5.972211e+01 3.836795e+01 3.800000e+01
    endloop
  endfacet
  facet normal -0.000000e+00 0.000000e+00 1.000000e+00
    outer loop
      vertex   5.972211e+01 3.836795e+01 3.800000e+01
      vertex   6.104273e+01 3.765290e+01 3.800000e+01
      vertex   6.195825e+01 3.970007e+01 3.800000e+01
    endloop
  endfacet
  facet normal 0.000000e+00 0.000000e+00 1.000000e+00
    outer loop
      vertex   5.972211e+01 3.836795e+01 3.800000e+01
      vertex   6.195825e+01 3.970007e+01 3.800000e+01
      vertex   6.059622e+01 4.033170e+01 3.800000e+01
    endloop
  endfacet
  facet normal -0.000000e+00 0.000000e+00 1.000000e+00
    outer loop
      vertex   6.059622e+01 4.033170e+01 3.800000e+01
      vertex   6.195825e+01 3.970007e+01 3.800000e+01
      vertex   6.275760e+01 4.179532e+01 3.800000e+01
    endloop
  endfacet
  facet normal 0.000000e+00 0.000000e+00 1.000000e+00
    outer loop
      vertex   6.059622e+01 4.033170e+01 3.800000e+01
      vertex   6.275760e+01 4.179532e+01 3.800000e+01
      vertex   6.135938e+01 4.234118e+01 3.800000e+01
    endloop
  endfacet
  facet normal -0.000000e+00 0.000000e+00 1.000000e+00
    outer loop
      vertex   6.135938e+01 4.234118e+01 3.800000e+01
      vertex   6.275760e+01 4.179532e+01 3.800000e+01
      vertex   6.343828e+01 4.393208e+01 3.800000e+01
    endloop
  endfacet
  facet normal 0.000000e+00 0.000000e+00 1.000000e+00
    outer loop
      vertex   6.135938e+01 4.234118e+01 3.800000e+01
      vertex   6.343828e+01 4.393208e+01 3.800000e+01
      vertex   6.200920e+01 4.439012e+01 3.800000e+01
    endloop
  endfacet
  facet normal -0.000000e+00 0.000000e+00 1.000000e+00
    outer loop
      vertex   6.200920e+01 4.439012e+01 3.800000e+01
      vertex   6.343828e+01 4.393208e+01 3.800000e+01
      vertex   6.399814e+01 4.610363e+01 3.800000e+01
    endloop
  endfacet
  facet normal 0.000000e+00 0.000000e+00 1.000000e+00
    outer loop
      vertex   6.200920e+01 4.439012e+01 3.800000e+01
      vertex   6.399814e+01 4.610363e+01 3.800000e+01
      vertex   6.254365e+01 4.647214e+01 3.800000e+01
    endloop
  endfacet
  facet normal -0.000000e+00 0.000000e+00 1.000000e+00
    outer loop
      vertex   6.254365e+01 4.647214e+01 3.800000e+01
      vertex   6.399814e+01 4.610363e+01 3.800000e+01
      vertex   6.443542e+01 4.830314e+01 3.800000e+01
    endloop
  endfacet
  facet normal 0.000000e+00 0.000000e+00 1.000000e+00
    outer loop
      vertex   6.254365e+01 4.647214e+01 3.800000e+01
      vertex   6.443542e+01 4.830314e+01 3.800000e+01
      vertex   6.296107e+01 4.858073e+01 3.800000e+01
    endloop
  endfacet
  facet normal -0.000000e+00 0.000000e+00 1.000000e+00
    outer loop
      vertex   6.296107e+01 4.858073e+01 3.800000e+01
      vertex   6.443542e+01 4.830314e+01 3.800000e+01
      vertex   6.474874e+01 5.052370e+01 3.800000e+01
    endloop
  endfacet
  facet normal 0.000000e+00 0.000000e+00 1.000000e+00
    outer loop
      vertex   6.296107e+01 4.858073e+01 3.800000e+01
      vertex   6.474874e+01 5.052370e+01 3.800000e+01
      vertex   6.326017e+01 5.070934e+01 3.800000e+01
    endloop
  endfacet
  facet normal -0.000000e+00 0.000000e+00 1.000000e+00
    outer loop
      vertex   6.326017e+01 5.070934e+01 3.800000e+01
      vertex   6.474874e+01 5.052370e+01 3.800000e+01
      vertex   6.493714e+01 5.275833e+01 3.800000e+01
    endloop
  endfacet
  facet normal 0.000000e+00 0.000000e+00 1.000000e+00
    outer loop
      vertex   6.326017e+01 5.070934e+01 3.800000e+01
      vertex   6.493714e+01 5.275833e+01 3.800000e+01
      vertex   6.343999e+01 5.285132e+01 3.800000e+01
    endloop
  endfacet
  facet normal -0.000000e+00 0.000000e+00 1.000000e+00
    outer loop
      vertex   6.343999e+01 5.285132e+01 3.800000e+01
      vertex   6.493714e+01 5.275833e+01 3.800000e+01
      vertex   6.500000e+01 5.500000e+01 3.800000e+01
    endloop
  endfacet
  facet normal 0.000000e+00 0.000000e+00 1.000000e+00
    outer loop
      vertex   6.343999e+01 5.285132e+01 3.800000e+01
      vertex   6.500000e+01 5.500000e+01 3.800000e+01
      vertex   6.350000e+01 5.500000e+01 3.800000e+01
    endloop
  endfacet
  facet normal 0.000000e+00 0.000000e+00 1.000000e+00
    outer loop
      vertex   -7.665437e-01 2.639344e+01 3.800000e+01
      vertex   -1.666667e+00 2.518576e+01 3.800000e+01
      vertex   8.701430e-01 2.500000e+01 3.800000e+01
    endloop
  endfacet
  facet normal 0.000000e+00 0.000000e+00 1.000000e+00
    outer loop
      vertex   8.701430e-01 2.500000e+01 3.800000e+01
      vertex   -1.666667e+00 2.518576e+01 3.800000e+01
      vertex   -1.178659e+00 2.468347e+01 3.800000e+01
    endloop
  endfacet
  facet normal 0.000000e+00 0.000000e+00 1.000000e+00
    outer loop
      vertex   8.701430e-01 2.500000e+01 3.800000e+01
      vertex   -1.178659e+00 2.468347e+01 3.800000e+01
      vertex   -7.656177e-01 2.411793e+01 3.800000e+01
    endloop
  endfacet
  facet normal 0.000000e+00 -0.000000e+00 1.000000e+00
    outer loop
      vertex   -1.666667e+00 2.518576e+01 3.800000e+01
      vertex   -7.665437e-01 2.639344e+01 3.800000e+01
      vertex   -3.295604e+00 2.672707e+01 3.800000e+01
    endloop
  endfacet
  facet normal -0.000000e+00 0.000000e+00 1.000000e+00
    outer loop
      vertex   -3.295604e+00 2.672707e+01 3.800000e+01
      vertex   -7.665437e-01 2.639344e+01 3.800000e+01
      vertex   -2.322912e+00 2.787605e+01 3.800000e+01
    endloop
  endfacet
  facet normal 0.000000e+00 -0.000000e+00 1.000000e+00
    outer loop
      vertex   -3.295604e+00 2.672707e+01 3.800000e+01
      vertex   -2.322912e+00 2.787605e+01 3.800000e+01
      vertex   -4.835603e+00 2.835724e+01 3.800000e+01
    endloop
  endfacet
  facet normal -0.000000e+00 0.000000e+00 1.000000e+00
    outer loop
      vertex   -4.835603e+00 2.835724e+01 3.800000e+01
      vertex   -2.322912e+00 2.787605e+01 3.800000e+01
      vertex   -3.794110e+00 2.944322e+01 3.800000e+01
    endloop
  endfacet
  facet normal 0.000000e+00 -0.000000e+00 1.000000e+00
    outer loop
      vertex   -4.835603e+00 2.835724e+01 3.800000e+01
      vertex   -3.794110e+00 2.944322e+01 3.800000e+01
      vertex   -6.281824e+00 3.007115e+01 3.800000e+01
    endloop
  endfacet
  facet normal -0.000000e+00 0.000000e+00 1.000000e+00
    outer loop
      vertex   -6.281824e+00 3.007115e+01 3.800000e+01
      vertex   -3.794110e+00 2.944322e+01 3.800000e+01
      vertex   -5.175552e+00 3.109004e+01 3.800000e+01
    endloop
  endfacet
  facet normal 0.000000e+00 -0.000000e+00 1.000000e+00
    outer loop
      vertex   -6.281824e+00 3.007115e+01 3.800000e+01
      vertex   -5.175552e+00 3.109004e+01 3.800000e+01
      vertex   -7.629721e+00 3.186342e+01 3.800000e+01
    endloop
  endfacet
  facet normal -0.000000e+00 0.000000e+00 1.000000e+00
    outer loop
      vertex   -7.629721e+00 3.186342e+01 3.800000e+01
      vertex   -5.175552e+00 3.109004e+01 3.800000e+01
      vertex   -6.462931e+00 3.281140e+01 3.800000e+01
    endloop
  endfacet
  facet normal 0.000000e+00 -0.000000e+00 1.000000e+00
    outer loop
      vertex   -7.629721e+00 3.186342e+01 3.800000e+01
      vertex   -6.462931e+00 3.281140e+01 3.800000e+01
      vertex   -8.875058e+00 3.372841e+01 3.800000e+01
    endloop
  endfacet
  facet normal -0.000000e+00 0.000000e+00 1.000000e+00
    outer loop
      vertex   -8.875058e+00 3.372841e+01 3.800000e+01
      vertex   -6.462931e+00 3.281140e+01 3.800000e+01
      vertex   -7.652236e+00 3.460192e+01 3.800000e+01
    endloop
  endfacet
  facet normal 0.000000e+00 -0.000000e+00 1.000000e+00
    outer loop
      vertex   -8.875058e+00 3.372841e+01 3.800000e+01
      vertex   -7.652236e+00 3.460192e+01 3.800000e+01
      vertex   -1.001392e+01 3.566026e+01 3.800000e+01
    endloop
  endfacet
  facet normal -0.000000e+00 0.000000e+00 1.000000e+00
    outer loop
      vertex   -1.001392e+01 3.566026e+01 3.800000e+01
      vertex   -7.652236e+00 3.460192e+01 3.800000e+01
      vertex   -8.739758e+00 3.645603e+01 3.800000e+01
    endloop
  endfacet
  facet normal 0.000000e+00 -0.000000e+00 1.000000e+00
    outer loop
      vertex   -1.001392e+01 3.566026e+01 3.800000e+01
      vertex   -8.739758e+00 3.645603e+01 3.800000e+01
      vertex   -1.104273e+01 3.765290e+01 3.800000e+01
    endloop
  endfacet
  facet normal -0.000000e+00 0.000000e+00 1.000000e+00
    outer loop
      vertex   -1.104273e+01 3.765290e+01 3.800000e+01
      vertex   -8.739758e+00 3.645603e+01 3.800000e+01
      vertex   -9.722107e+00 3.836795e+01 3.800000e+01
    endloop
  endfacet
  facet normal 0.000000e+00 -0.000000e+00 1.000000e+00
    outer loop
      vertex   -1.104273e+01 3.765290e+01 3.800000e+01
      vertex   -9.722107e+00 3.836795e+01 3.800000e+01
      vertex   -1.195825e+01 3.970007e+01 3.800000e+01
    endloop
  endfacet
  facet normal -0.000000e+00 0.000000e+00 1.000000e+00
    outer loop
      vertex   -1.195825e+01 3.970007e+01 3.800000e+01
      vertex   -9.722107e+00 3.836795e+01 3.800000e+01
      vertex   -1.059622e+01 4.033170e+01 3.800000e+01
    endloop
  endfacet
  facet normal 0.000000e+00 -0.000000e+00 1.000000e+00
    outer loop
      vertex   -1.195825e+01 3.970007e+01 3.800000e+01
      vertex   -1.059622e+01 4.033170e+01 3.800000e+01
      vertex   -1.275760e+01 4.179532e+01 3.800000e+01
    endloop
  endfacet
  facet normal -0.000000e+00 0.000000e+00 1.000000e+00
    outer loop
      vertex   -1.275760e+01 4.179532e+01 3.800000e+01
      vertex   -1.059622e+01 4.033170e+01 3.800000e+01
      vertex   -1.135938e+01 4.234118e+01 3.800000e+01
    endloop
  endfacet
  facet normal 0.000000e+00 -0.000000e+00 1.000000e+00
    outer loop
      vertex   -1.275760e+01 4.179532e+01 3.800000e+01
      vertex   -1.135938e+01 4.234118e+01 3.800000e+01
      vertex   -1.343828e+01 4.393208e+01 3.800000e+01
    endloop
  endfacet
  facet normal -0.000000e+00 0.000000e+00 1.000000e+00
    outer loop
      vertex   -1.343828e+01 4.393208e+01 3.800000e+01
      vertex   -1.135938e+01 4.234118e+01 3.800000e+01
      vertex   -1.200920e+01 4.439012e+01 3.800000e+01
    endloop
  endfacet
  facet normal 0.000000e+00 -0.000000e+00 1.000000e+00
    outer loop
      vertex   -1.343828e+01 4.393208e+01 3.800000e+01
      vertex   -1.200920e+01 4.439012e+01 3.800000e+01
      vertex   -1.399814e+01 4.610363e+01 3.800000e+01
    endloop
  endfacet
  facet normal -0.000000e+00 0.000000e+00 1.000000e+00
    outer loop
      vertex   -1.399814e+01 4.610363e+01 3.800000e+01
      vertex   -1.200920e+01 4.439012e+01 3.800000e+01
      vertex   -1.254365e+01 4.647214e+01 3.800000e+01
    endloop
  endfacet
  facet normal 0.000000e+00 -0.000000e+00 1.000000e+00
    outer loop
      vertex   -1.399814e+01 4.610363e+01 3.800000e+01
      vertex   -1.254365e+01 4.647214e+01 3.800000e+01
      vertex   -1.443542e+01 4.830314e+01 3.800000e+01
    endloop
  endfacet
  facet normal -0.000000e+00 0.000000e+00 1.000000e+00
    outer loop
      vertex   -1.443542e+01 4.830314e+01 3.800000e+01
      vertex   -1.254365e+01 4.647214e+01 3.800000e+01
      vertex   -1.296107e+01 4.858073e+01 3.800000e+01
    endloop
  endfacet
  facet normal 0.000000e+00 -0.000000e+00 1.000000e+00
    outer loop
      vertex   -1.443542e+01 4.830314e+01 3.800000e+01
      vertex   -1.296107e+01 4.858073e+01 3.800000e+01
      vertex   -1.474874e+01 5.052370e+01 3.800000e+01
    endloop
  endfacet
  facet normal -0.000000e+00 0.000000e+00 1.000000e+00
    outer loop
      vertex   -1.474874e+01 5.052370e+01 3.800000e+01
      vertex   -1.296107e+01 4.858073e+01 3.800000e+01
      vertex   -1.326017e+01 5.070934e+01 3.800000e+01
    endloop
  endfacet
  facet normal 0.000000e+00 -0.000000e+00 1.000000e+00
    outer loop
      vertex   -1.474874e+01 5.052370e+01 3.800000e+01
      vertex   -1.326017e+01 5.070934e+01 3.800000e+01
      vertex   -1.493714e+01 5.275833e+01 3.800000e+01
    endloop
  endfacet
  facet normal -0.000000e+00 0.000000e+00 1.000000e+00
    outer loop
      vertex   -1.493714e+01 5.275833e+01 3.800000e+01
      vertex   -1.326017e+01 5.070934e+01 3.800000e+01
      vertex   -1.343999e+01 5.285132e+01 3.800000e+01
    endloop
  endfacet
  facet normal 0.000000e+00 -0.000000e+00 1.000000e+00
    outer loop
      vertex   -1.493714e+01 5.275833e+01 3.800000e+01
      vertex   -1.343999e+01 5.285132e+01 3.800000e+01
      vertex   -1.500000e+01 5.500000e+01 3.800000e+01
    endloop
  endfacet
  facet normal -0.000000e+00 0.000000e+00 1.000000e+00
    outer loop
      vertex   -1.500000e+01 5.500000e+01 3.800000e+01
      vertex   -1.343999e+01 5.285132e+01 3.800000e+01
      vertex   -1.350000e+01 5.500000e+01 3.800000e+01
    endloop
  endfacet
  facet normal -0.000000e+00 0.000000e+00 1.000000e+00
    outer loop
      vertex   -7.656177e-01 2.411793e+01 3.800000e+01
      vertex   -4.356454e-01 2.350022e+01 3.800000e+01
      vertex   8.701430e-01 2.500000e+01 3.800000e+01
    endloop
  endfacet
  facet normal 0.000000e+00 0.000000e+00 1.000000e+00
    outer loop
      vertex   8.701430e-01 2.500000e+01 3.800000e+01
      vertex   -4.356454e-01 2.350022e+01 3.800000e+01
      vertex   -1.952153e-01 2.284247e+01 3.800000e+01
    endloop
  endfacet
  facet normal 0.000000e+00 0.000000e+00 1.000000e+00
    outer loop
      vertex   8.701430e-01 2.500000e+01 3.800000e+01
      vertex   -1.952153e-01 2.284247e+01 3.800000e+01
      vertex   -4.904437e-02 2.215758e+01 3.800000e+01
    endloop
  endfacet
  facet normal -0.000000e+00 0.000000e+00 1.000000e+00
    outer loop
      vertex   1.154548e+01 9.585890e+00 3.000000e+00
      vertex   3.845452e+01 9.585890e+00 3.000000e+00
      vertex   1.160000e+01 1.000000e+01 3.000000e+00
    endloop
  endfacet
  facet normal -0.000000e+00 0.000000e+00 1.000000e+00
    outer loop
      vertex   1.160000e+01 1.000000e+01 3.000000e+00
      vertex   3.845452e+01 9.585890e+00 3.000000e+00
      vertex   3.840000e+01 1.000000e+01 3.000000e+00
    endloop
  endfacet
  facet normal 0.000000e+00 -0.000000e+00 1.000000e+00
    outer loop
      vertex   1.160000e+01 1.000000e+01 3.000000e+00
      vertex   3.840000e+01 1.000000e+01 3.000000e+00
      vertex   1.154548e+01 1.041411e+01 3.000000e+00
    endloop
  endfacet
  facet normal 0.000000e+00 0.000000e+00 1.000000e+00
    outer loop
      vertex   1.154548e+01 1.041411e+01 3.000000e+00
      vertex   3.840000e+01 1.000000e+01 3.000000e+00
      vertex   3.845452e+01 1.041411e+01 3.000000e+00
    endloop
  endfacet
  facet normal -0.000000e+00 -0.000000e+00 1.000000e+00
    outer loop
      vertex   1.154548e+01 1.041411e+01 3.000000e+00
      vertex   3.845452e+01 1.041411e+01 3.000000e+00
      vertex   1.138564e+01 1.080000e+01 3.000000e+00
    endloop
  endfacet
  facet normal -0.000000e+00 0.000000e+00 1.000000e+00
    outer loop
      vertex   1.138564e+01 1.080000e+01 3.000000e+00
      vertex   3.845452e+01 1.041411e+01 3.000000e+00
      vertex   3.861436e+01 1.080000e+01 3.000000e+00
    endloop
  endfacet
  facet normal 0.000000e+00 -0.000000e+00 1.000000e+00
    outer loop
      vertex   1.138564e+01 1.080000e+01 3.000000e+00
      vertex   3.861436e+01 1.080000e+01 3.000000e+00
      vertex   1.113137e+01 1.113137e+01 3.000000e+00
    endloop
  endfacet
  facet normal -0.000000e+00 0.000000e+00 1.000000e+00
    outer loop
      vertex   1.113137e+01 1.113137e+01 3.000000e+00
      vertex   3.861436e+01 1.080000e+01 3.000000e+00
      vertex   3.886863e+01 1.113137e+01 3.000000e+00
    endloop
  endfacet
  facet normal 0.000000e+00 -0.000000e+00 1.000000e+00
    outer loop
      vertex   1.113137e+01 1.113137e+01 3.000000e+00
      vertex   3.886863e+01 1.113137e+01 3.000000e+00
      vertex   1.080000e+01 1.138564e+01 3.000000e+00
    endloop
  endfacet
  facet normal -0.000000e+00 0.000000e+00 1.000000e+00
    outer loop
      vertex   1.080000e+01 1.138564e+01 3.000000e+00
      vertex   3.886863e+01 1.113137e+01 3.000000e+00
      vertex   3.920000e+01 1.138564e+01 3.000000e+00
    endloop
  endfacet
  facet normal 0.000000e+00 -0.000000e+00 1.000000e+00
    outer loop
      vertex   1.080000e+01 1.138564e+01 3.000000e+00
      vertex   3.920000e+01 1.138564e+01 3.000000e+00
      vertex   1.041411e+01 1.154548e+01 3.000000e+00
    endloop
  endfacet
  facet normal -0.000000e+00 0.000000e+00 1.000000e+00
    outer loop
      vertex   1.041411e+01 1.154548e+01 3.000000e+00
      vertex   3.920000e+01 1.138564e+01 3.000000e+00
      vertex   3.958589e+01 1.154548e+01 3.000000e+00
    endloop
  endfacet
  facet normal 0.000000e+00 -0.000000e+00 1.000000e+00
    outer loop
      vertex   1.041411e+01 1.154548e+01 3.000000e+00
      vertex   3.958589e+01 1.154548e+01 3.000000e+00
      vertex   0.000000e+00 1.600000e+01 3.000000e+00
    endloop
  endfacet
  facet normal -0.000000e+00 0.000000e+00 1.000000e+00
    outer loop
      vertex   0.000000e+00 1.600000e+01 3.000000e+00
      vertex   3.958589e+01 1.154548e+01 3.000000e+00
      vertex   5.000000e+01 1.600000e+01 3.000000e+00
    endloop
  endfacet
  facet normal 0.000000e+00 0.000000e+00 1.000000e+00
    outer loop
      vertex   5.000000e+01 1.600000e+01 3.000000e+00
      vertex   3.958589e+01 1.154548e+01 3.000000e+00
      vertex   4.000000e+01 1.160000e+01 3.000000e+00
    endloop
  endfacet
  facet normal 0.000000e+00 0.000000e+00 1.000000e+00
    outer loop
      vertex   5.000000e+01 1.600000e+01 3.000000e+00
      vertex   4.000000e+01 1.160000e+01 3.000000e+00
      vertex   4.041411e+01 1.154548e+01 3.000000e+00
    endloop
  endfacet
  facet normal 0.000000e+00 0.000000e+00 1.000000e+00
    outer loop
      vertex   3.845452e+01 9.585890e+00 3.000000e+00
      vertex   1.154548e+01 9.585890e+00 3.000000e+00
      vertex   3.861436e+01 9.200000e+00 3.000000e+00
    endloop
  endfacet
  facet normal 0.000000e+00 0.000000e+00 1.000000e+00
    outer loop
      vertex   3.861436e+01 9.200000e+00 3.000000e+00
      vertex   1.154548e+01 9.585890e+00 3.000000e+00
      vertex   1.138564e+01 9.200000e+00 3.000000e+00
    endloop
  endfacet
  facet normal 0.000000e+00 0.000000e+00 1.000000e+00
    outer loop
      vertex   3.861436e+01 9.200000e+00 3.000000e+00
      vertex   1.138564e+01 9.200000e+00 3.000000e+00
      vertex   3.886863e+01 8.868629e+00 3.000000e+00
    endloop
  endfacet
  facet normal 0.000000e+00 0.000000e+00 1.000000e+00
    outer loop
      vertex   3.886863e+01 8.868629e+00 3.000000e+00
      vertex   1.138564e+01 9.200000e+00 3.000000e+00
      vertex   1.113137e+01 8.868629e+00 3.000000e+00
    endloop
  endfacet
  facet normal 0.000000e+00 0.000000e+00 1.000000e+00
    outer loop
      vertex   3.886863e+01 8.868629e+00 3.000000e+00
      vertex   1.113137e+01 8.868629e+00 3.000000e+00
      vertex   3.920000e+01 8.614359e+00 3.000000e+00
    endloop
  endfacet
  facet normal 0.000000e+00 0.000000e+00 1.000000e+00
    outer loop
      vertex   3.920000e+01 8.614359e+00 3.000000e+00
      vertex   1.113137e+01 8.868629e+00 3.000000e+00
      vertex   1.080000e+01 8.614359e+00 3.000000e+00
    endloop
  endfacet
  facet normal 0.000000e+00 0.000000e+00 1.000000e+00
    outer loop
      vertex   3.920000e+01 8.614359e+00 3.000000e+00
      vertex   1.080000e+01 8.614359e+00 3.000000e+00
      vertex   3.958589e+01 8.454519e+00 3.000000e+00
    endloop
  endfacet
  facet normal 0.000000e+00 0.000000e+00 1.000000e+00
    outer loop
      vertex   3.958589e+01 8.454519e+00 3.000000e+00
      vertex   1.080000e+01 8.614359e+00 3.000000e+00
      vertex   1.041411e+01 8.454519e+00 3.000000e+00
    endloop
  endfacet
  facet normal 0.000000e+00 0.000000e+00 1.000000e+00
    outer loop
      vertex   3.958589e+01 8.454519e+00 3.000000e+00
      vertex   1.041411e+01 8.454519e+00 3.000000e+00
      vertex   5.000000e+01 0.000000e+00 3.000000e+00
    endloop
  endfacet
  facet normal 0.000000e+00 0.000000e+00 1.000000e+00
    outer loop
      vertex   5.000000e+01 0.000000e+00 3.000000e+00
      vertex   1.041411e+01 8.454519e+00 3.000000e+00
      vertex   0.000000e+00 0.000000e+00 3.000000e+00
    endloop
  endfacet
  facet normal 0.000000e+00 0.000000e+00 1.000000e+00
    outer loop
      vertex   0.000000e+00 0.000000e+00 3.000000e+00
      vertex   1.041411e+01 8.454519e+00 3.000000e+00
      vertex   1.000000e+01 8.400000e+00 3.000000e+00
    endloop
  endfacet
  facet normal 0.000000e+00 0.000000e+00 1.000000e+00
    outer loop
      vertex   0.000000e+00 0.000000e+00 3.000000e+00
      vertex   1.000000e+01 8.400000e+00 3.000000e+00
      vertex   9.585890e+00 8.454519e+00 3.000000e+00
    endloop
  endfacet
  facet normal 0.000000e+00 0.000000e+00 1.000000e+00
    outer loop
      vertex   9.585890e+00 8.454519e+00 3.000000e+00
      vertex   9.200000e+00 8.614359e+00 3.000000e+00
      vertex   0.000000e+00 0.000000e+00 3.000000e+00
    endloop
  endfacet
  facet normal 0.000000e+00 0.000000e+00 1.000000e+00
    outer loop
      vertex   0.000000e+00 0.000000e+00 3.000000e+00
      vertex   9.200000e+00 8.614359e+00 3.000000e+00
      vertex   8.868629e+00 8.868629e+00 3.000000e+00
    endloop
  endfacet
  facet normal 0.000000e+00 0.000000e+00 1.000000e+00
    outer loop
      vertex   0.000000e+00 0.000000e+00 3.000000e+00
      vertex   8.868629e+00 8.868629e+00 3.000000e+00
      vertex   8.614359e+00 9.200000e+00 3.000000e+00
    endloop
  endfacet
  facet normal 0.000000e+00 0.000000e+00 1.000000e+00
    outer loop
      vertex   8.614359e+00 9.200000e+00 3.000000e+00
      vertex   8.454519e+00 9.585890e+00 3.000000e+00
      vertex   0.000000e+00 0.000000e+00 3.000000e+00
    endloop
  endfacet
  facet normal 0.000000e+00 0.000000e+00 1.000000e+00
    outer loop
      vertex   0.000000e+00 0.000000e+00 3.000000e+00
      vertex   8.454519e+00 9.585890e+00 3.000000e+00
      vertex   0.000000e+00 1.600000e+01 3.000000e+00
    endloop
  endfacet
  facet normal 0.000000e+00 0.000000e+00 1.000000e+00
    outer loop
      vertex   0.000000e+00 1.600000e+01 3.000000e+00
      vertex   8.454519e+00 9.585890e+00 3.000000e+00
      vertex   8.400000e+00 1.000000e+01 3.000000e+00
    endloop
  endfacet
  facet normal 0.000000e+00 0.000000e+00 1.000000e+00
    outer loop
      vertex   0.000000e+00 1.600000e+01 3.000000e+00
      vertex   8.400000e+00 1.000000e+01 3.000000e+00
      vertex   8.454519e+00 1.041411e+01 3.000000e+00
    endloop
  endfacet
  facet normal 0.000000e+00 -0.000000e+00 1.000000e+00
    outer loop
      vertex   8.454519e+00 1.041411e+01 3.000000e+00
      vertex   8.614359e+00 1.080000e+01 3.000000e+00
      vertex   0.000000e+00 1.600000e+01 3.000000e+00
    endloop
  endfacet
  facet normal 0.000000e+00 0.000000e+00 1.000000e+00
    outer loop
      vertex   0.000000e+00 1.600000e+01 3.000000e+00
      vertex   8.614359e+00 1.080000e+01 3.000000e+00
      vertex   8.868629e+00 1.113137e+01 3.000000e+00
    endloop
  endfacet
  facet normal 0.000000e+00 0.000000e+00 1.000000e+00
    outer loop
      vertex   0.000000e+00 1.600000e+01 3.000000e+00
      vertex   8.868629e+00 1.113137e+01 3.000000e+00
      vertex   9.200000e+00 1.138564e+01 3.000000e+00
    endloop
  endfacet
  facet normal 0.000000e+00 -0.000000e+00 1.000000e+00
    outer loop
      vertex   9.200000e+00 1.138564e+01 3.000000e+00
      vertex   9.585890e+00 1.154548e+01 3.000000e+00
      vertex   0.000000e+00 1.600000e+01 3.000000e+00
    endloop
  endfacet
  facet normal 0.000000e+00 0.000000e+00 1.000000e+00
    outer loop
      vertex   0.000000e+00 1.600000e+01 3.000000e+00
      vertex   9.585890e+00 1.154548e+01 3.000000e+00
      vertex   1.000000e+01 1.160000e+01 3.000000e+00
    endloop
  endfacet
  facet normal 0.000000e+00 0.000000e+00 1.000000e+00
    outer loop
      vertex   0.000000e+00 1.600000e+01 3.000000e+00
      vertex   1.000000e+01 1.160000e+01 3.000000e+00
      vertex   1.041411e+01 1.154548e+01 3.000000e+00
    endloop
  endfacet
  facet normal -0.000000e+00 0.000000e+00 1.000000e+00
    outer loop
      vertex   4.154548e+01 1.041411e+01 3.000000e+00
      vertex   4.160000e+01 1.000000e+01 3.000000e+00
      vertex   5.000000e+01 1.600000e+01 3.000000e+00
    endloop
  endfacet
  facet normal 0.000000e+00 0.000000e+00 1.000000e+00
    outer loop
      vertex   5.000000e+01 1.600000e+01 3.000000e+00
      vertex   4.160000e+01 1.000000e+01 3.000000e+00
      vertex   4.154548e+01 9.585890e+00 3.000000e+00
    endloop
  endfacet
  facet normal 0.000000e+00 0.000000e+00 1.000000e+00
    outer loop
      vertex   5.000000e+01 1.600000e+01 3.000000e+00
      vertex   4.154548e+01 9.585890e+00 3.000000e+00
      vertex   5.000000e+01 0.000000e+00 3.000000e+00
    endloop
  endfacet
  facet normal 0.000000e+00 0.000000e+00 1.000000e+00
    outer loop
      vertex   5.000000e+01 0.000000e+00 3.000000e+00
      vertex   4.154548e+01 9.585890e+00 3.000000e+00
      vertex   4.138564e+01 9.200000e+00 3.000000e+00
    endloop
  endfacet
  facet normal 0.000000e+00 0.000000e+00 1.000000e+00
    outer loop
      vertex   5.000000e+01 0.000000e+00 3.000000e+00
      vertex   4.138564e+01 9.200000e+00 3.000000e+00
      vertex   4.113137e+01 8.868629e+00 3.000000e+00
    endloop
  endfacet
  facet normal 0.000000e+00 0.000000e+00 1.000000e+00
    outer loop
      vertex   4.113137e+01 8.868629e+00 3.000000e+00
      vertex   4.080000e+01 8.614359e+00 3.000000e+00
      vertex   5.000000e+01 0.000000e+00 3.000000e+00
    endloop
  endfacet
  facet normal 0.000000e+00 0.000000e+00 1.000000e+00
    outer loop
      vertex   5.000000e+01 0.000000e+00 3.000000e+00
      vertex   4.080000e+01 8.614359e+00 3.000000e+00
      vertex   4.041411e+01 8.454519e+00 3.000000e+00
    endloop
  endfacet
  facet normal 0.000000e+00 0.000000e+00 1.000000e+00
    outer loop
      vertex   5.000000e+01 0.000000e+00 3.000000e+00
      vertex   4.041411e+01 8.454519e+00 3.000000e+00
      vertex   4.000000e+01 8.400000e+00 3.000000e+00
    endloop
  endfacet
  facet normal 0.000000e+00 0.000000e+00 1.000000e+00
    outer loop
      vertex   4.000000e+01 8.400000e+00 3.000000e+00
      vertex   3.958589e+01 8.454519e+00 3.000000e+00
      vertex   5.000000e+01 0.000000e+00 3.000000e+00
    endloop
  endfacet
  facet normal -0.000000e+00 0.000000e+00 1.000000e+00
    outer loop
      vertex   4.041411e+01 1.154548e+01 3.000000e+00
      vertex   4.080000e+01 1.138564e+01 3.000000e+00
      vertex   5.000000e+01 1.600000e+01 3.000000e+00
    endloop
  endfacet
  facet normal 0.000000e+00 0.000000e+00 1.000000e+00
    outer loop
      vertex   5.000000e+01 1.600000e+01 3.000000e+00
      vertex   4.080000e+01 1.138564e+01 3.000000e+00
      vertex   4.113137e+01 1.113137e+01 3.000000e+00
    endloop
  endfacet
  facet normal 0.000000e+00 0.000000e+00 1.000000e+00
    outer loop
      vertex   5.000000e+01 1.600000e+01 3.000000e+00
      vertex   4.113137e+01 1.113137e+01 3.000000e+00
      vertex   4.138564e+01 1.080000e+01 3.000000e+00
    endloop
  endfacet
  facet normal -0.000000e+00 0.000000e+00 1.000000e+00
    outer loop
      vertex   4.138564e+01 1.080000e+01 3.000000e+00
      vertex   4.154548e+01 1.041411e+01 3.000000e+00
      vertex   5.000000e+01 1.600000e+01 3.000000e+00
    endloop
  endfacet
  facet normal 1.000000e+00 0.000000e+00 0.000000e+00
    outer loop
      vertex   5.000000e+01 2.145898e+01 3.800000e+01
      vertex   5.000000e+01 2.100000e+01 3.800000e+01
      vertex   5.000000e+01 2.145898e+01 2.800000e+01
    endloop
  endfacet
  facet normal 1.000000e+00 0.000000e+00 0.000000e+00
    outer loop
      vertex   5.000000e+01 2.145898e+01 2.800000e+01
      vertex   5.000000e+01 2.100000e+01 3.800000e+01
      vertex   5.000000e+01 2.100000e+01 8.000000e+00
    endloop
  endfacet
  facet normal 1.000000e+00 -0.000000e+00 0.000000e+00
    outer loop
      vertex   5.000000e+01 2.145898e+01 2.800000e+01
      vertex   5.000000e+01 2.100000e+01 8.000000e+00
      vertex   5.000000e+01 2.500000e+01 2.800000e+01
    endloop
  endfacet
  facet normal 1.000000e+00 0.000000e+00 0.000000e+00
    outer loop
      vertex   5.000000e+01 2.500000e+01 2.800000e+01
      vertex   5.000000e+01 2.100000e+01 8.000000e+00
      vertex   5.000000e+01 2.500000e+01 0.000000e+00
    endloop
  endfacet
  facet normal 1.000000e+00 0.000000e+00 0.000000e+00
    outer loop
      vertex   5.000000e+01 2.500000e+01 0.000000e+00
      vertex   5.000000e+01 2.100000e+01 8.000000e+00
      vertex   5.000000e+01 2.093844e+01 7.217828e+00
    endloop
  endfacet
  facet normal 1.000000e+00 0.000000e+00 0.000000e+00
    outer loop
      vertex   5.000000e+01 2.500000e+01 0.000000e+00
      vertex   5.000000e+01 2.093844e+01 7.217828e+00
      vertex   5.000000e+01 2.075528e+01 6.454915e+00
    endloop
  endfacet
  facet normal 1.000000e+00 0.000000e+00 0.000000e+00
    outer loop
      vertex   5.000000e+01 2.075528e+01 6.454915e+00
      vertex   5.000000e+01 2.045503e+01 5.730048e+00
      vertex   5.000000e+01 2.500000e+01 0.000000e+00
    endloop
  endfacet
  facet normal 1.000000e+00 0.000000e+00 0.000000e+00
    outer loop
      vertex   5.000000e+01 2.500000e+01 0.000000e+00
      vertex   5.000000e+01 2.045503e+01 5.730048e+00
      vertex   5.000000e+01 2.004508e+01 5.061074e+00
    endloop
  endfacet
  facet normal 1.000000e+00 0.000000e+00 0.000000e+00
    outer loop
      vertex   5.000000e+01 2.500000e+01 0.000000e+00
      vertex   5.000000e+01 2.004508e+01 5.061074e+00
      vertex   5.000000e+01 1.953553e+01 4.464466e+00
    endloop
  endfacet
  facet normal 1.000000e+00 0.000000e+00 0.000000e+00
    outer loop
      vertex   5.000000e+01 1.953553e+01 4.464466e+00
      vertex   5.000000e+01 1.893893e+01 3.954915e+00
      vertex   5.000000e+01 2.500000e+01 0.000000e+00
    endloop
  endfacet
  facet normal 1.000000e+00 0.000000e+00 0.000000e+00
    outer loop
      vertex   5.000000e+01 2.500000e+01 0.000000e+00
      vertex   5.000000e+01 1.893893e+01 3.954915e+00
      vertex   5.000000e+01 1.826995e+01 3.544967e+00
    endloop
  endfacet
  facet normal 1.000000e+00 0.000000e+00 0.000000e+00
    outer loop
      vertex   5.000000e+01 2.500000e+01 0.000000e+00
      vertex   5.000000e+01 1.826995e+01 3.544967e+00
      vertex   5.000000e+01 1.754508e+01 3.244717e+00
    endloop
  endfacet
  facet normal 1.000000e+00 0.000000e+00 0.000000e+00
    outer loop
      vertex   5.000000e+01 1.754508e+01 3.244717e+00
      vertex   5.000000e+01 1.678217e+01 3.061558e+00
      vertex   5.000000e+01 2.500000e+01 0.000000e+00
    endloop
  endfacet
  facet normal 1.000000e+00 0.000000e+00 0.000000e+00
    outer loop
      vertex   5.000000e+01 2.500000e+01 0.000000e+00
      vertex   5.000000e+01 1.678217e+01 3.061558e+00
      vertex   5.000000e+01 1.600000e+01 3.000000e+00
    endloop
  endfacet
  facet normal 1.000000e+00 0.000000e+00 0.000000e+00
    outer loop
      vertex   5.000000e+01 2.500000e+01 0.000000e+00
      vertex   5.000000e+01 1.600000e+01 3.000000e+00
      vertex   5.000000e+01 0.000000e+00 0.000000e+00
    endloop
  endfacet
  facet normal 1.000000e+00 0.000000e+00 0.000000e+00
    outer loop
      vertex   5.000000e+01 0.000000e+00 0.000000e+00
      vertex   5.000000e+01 1.600000e+01 3.000000e+00
      vertex   5.000000e+01 0.000000e+00 3.000000e+00
    endloop
  endfacet
  facet normal 0.000000e+00 -1.000000e+00 0.000000e+00
    outer loop
      vertex   0.000000e+00 0.000000e+00 0.000000e+00
      vertex   5.000000e+01 0.000000e+00 0.000000e+00
      vertex   0.000000e+00 0.000000e+00 3.000000e+00
    endloop
  endfacet
  facet normal 0.000000e+00 -1.000000e+00 0.000000e+00
    outer loop
      vertex   0.000000e+00 0.000000e+00 3.000000e+00
      vertex   5.000000e+01 0.000000e+00 0.000000e+00
      vertex   5.000000e+01 0.000000e+00 3.000000e+00
    endloop
  endfacet
  facet normal 0.000000e+00 0.000000e+00 -1.000000e+00
    outer loop
      vertex   1.154548e+01 1.041411e+01 0.000000e+00
      vertex   3.845452e+01 1.041411e+01 0.000000e+00
      vertex   1.160000e+01 1.000000e+01 0.000000e+00
    endloop
  endfacet
  facet normal 0.000000e+00 0.000000e+00 -1.000000e+00
    outer loop
      vertex   1.160000e+01 1.000000e+01 0.000000e+00
      vertex   3.845452e+01 1.041411e+01 0.000000e+00
      vertex   3.840000e+01 1.000000e+01 0.000000e+00
    endloop
  endfacet
  facet normal 0.000000e+00 -0.000000e+00 -1.000000e+00
    outer loop
      vertex   1.160000e+01 1.000000e+01 0.000000e+00
      vertex   3.840000e+01 1.000000e+01 0.000000e+00
      vertex   1.154548e+01 9.585890e+00 0.000000e+00
    endloop
  endfacet
  facet normal 0.000000e+00 0.000000e+00 -1.000000e+00
    outer loop
      vertex   1.154548e+01 9.585890e+00 0.000000e+00
      vertex   3.840000e+01 1.000000e+01 0.000000e+00
      vertex   3.845452e+01 9.585890e+00 0.000000e+00
    endloop
  endfacet
  facet normal 0.000000e+00 -0.000000e+00 -1.000000e+00
    outer loop
      vertex   1.154548e+01 9.585890e+00 0.000000e+00
      vertex   3.845452e+01 9.585890e+00 0.000000e+00
      vertex   1.138564e+01 9.200000e+00 0.000000e+00
    endloop
  endfacet
  facet normal 0.000000e+00 0.000000e+00 -1.000000e+00
    outer loop
      vertex   1.138564e+01 9.200000e+00 0.000000e+00
      vertex   3.845452e+01 9.585890e+00 0.000000e+00
      vertex   3.861436e+01 9.200000e+00 0.000000e+00
    endloop
  endfacet
  facet normal 0.000000e+00 -0.000000e+00 -1.000000e+00
    outer loop
      vertex   1.138564e+01 9.200000e+00 0.000000e+00
      vertex   3.861436e+01 9.200000e+00 0.000000e+00
      vertex   1.113137e+01 8.868629e+00 0.000000e+00
    endloop
  endfacet
  facet normal 0.000000e+00 0.000000e+00 -1.000000e+00
    outer loop
      vertex   1.113137e+01 8.868629e+00 0.000000e+00
      vertex   3.861436e+01 9.200000e+00 0.000000e+00
      vertex   3.886863e+01 8.868629e+00 0.000000e+00
    endloop
  endfacet
  facet normal 0.000000e+00 -0.000000e+00 -1.000000e+00
    outer loop
      vertex   1.113137e+01 8.868629e+00 0.000000e+00
      vertex   3.886863e+01 8.868629e+00 0.000000e+00
      vertex   1.080000e+01 8.614359e+00 0.000000e+00
    endloop
  endfacet
  facet normal 0.000000e+00 0.000000e+00 -1.000000e+00
    outer loop
      vertex   1.080000e+01 8.614359e+00 0.000000e+00
      vertex   3.886863e+01 8.868629e+00 0.000000e+00
      vertex   3.920000e+01 8.614359e+00 0.000000e+00
    endloop
  endfacet
  facet normal 0.000000e+00 -0.000000e+00 -1.000000e+00
    outer loop
      vertex   1.080000e+01 8.614359e+00 0.000000e+00
      vertex   3.920000e+01 8.614359e+00 0.000000e+00
      vertex   1.041411e+01 8.454519e+00 0.000000e+00
    endloop
  endfacet
  facet normal 0.000000e+00 0.000000e+00 -1.000000e+00
    outer loop
      vertex   1.041411e+01 8.454519e+00 0.000000e+00
      vertex   3.920000e+01 8.614359e+00 0.000000e+00
      vertex   3.958589e+01 8.454519e+00 0.000000e+00
    endloop
  endfacet
  facet normal 0.000000e+00 -0.000000e+00 -1.000000e+00
    outer loop
      vertex   1.041411e+01 8.454519e+00 0.000000e+00
      vertex   3.958589e+01 8.454519e+00 0.000000e+00
      vertex   0.000000e+00 0.000000e+00 0.000000e+00
    endloop
  endfacet
  facet normal 0.000000e+00 0.000000e+00 -1.000000e+00
    outer loop
      vertex   0.000000e+00 0.000000e+00 0.000000e+00
      vertex   3.958589e+01 8.454519e+00 0.000000e+00
      vertex   5.000000e+01 0.000000e+00 0.000000e+00
    endloop
  endfacet
  facet normal 0.000000e+00 0.000000e+00 -1.000000e+00
    outer loop
      vertex   5.000000e+01 0.000000e+00 0.000000e+00
      vertex   3.958589e+01 8.454519e+00 0.000000e+00
      vertex   4.000000e+01 8.400000e+00 0.000000e+00
    endloop
  endfacet
  facet normal 0.000000e+00 0.000000e+00 -1.000000e+00
    outer loop
      vertex   5.000000e+01 0.000000e+00 0.000000e+00
      vertex   4.000000e+01 8.400000e+00 0.000000e+00
      vertex   4.041411e+01 8.454519e+00 0.000000e+00
    endloop
  endfacet
  facet normal 0.000000e+00 0.000000e+00 -1.000000e+00
    outer loop
      vertex   3.845452e+01 1.041411e+01 0.000000e+00
      vertex   1.154548e+01 1.041411e+01 0.000000e+00
      vertex   3.861436e+01 1.080000e+01 0.000000e+00
    endloop
  endfacet
  facet normal -0.000000e+00 0.000000e+00 -1.000000e+00
    outer loop
      vertex   3.861436e+01 1.080000e+01 0.000000e+00
      vertex   1.154548e+01 1.041411e+01 0.000000e+00
      vertex   1.138564e+01 1.080000e+01 0.000000e+00
    endloop
  endfacet
  facet normal 0.000000e+00 0.000000e+00 -1.000000e+00
    outer loop
      vertex   3.861436e+01 1.080000e+01 0.000000e+00
      vertex   1.138564e+01 1.080000e+01 0.000000e+00
      vertex   3.886863e+01 1.113137e+01 0.000000e+00
    endloop
  endfacet
  facet normal -0.000000e+00 0.000000e+00 -1.000000e+00
    outer loop
      vertex   3.886863e+01 1.113137e+01 0.000000e+00
      vertex   1.138564e+01 1.080000e+01 0.000000e+00
      vertex   1.113137e+01 1.113137e+01 0.000000e+00
    endloop
  endfacet
  facet normal 0.000000e+00 0.000000e+00 -1.000000e+00
    outer loop
      vertex   3.886863e+01 1.113137e+01 0.000000e+00
      vertex   1.113137e+01 1.113137e+01 0.000000e+00
      vertex   3.920000e+01 1.138564e+01 0.000000e+00
    endloop
  endfacet
  facet normal 0.000000e+00 0.000000e+00 -1.000000e+00
    outer loop
      vertex   3.920000e+01 1.138564e+01 0.000000e+00
      vertex   1.113137e+01 1.113137e+01 0.000000e+00
      vertex   1.080000e+01 1.138564e+01 0.000000e+00
    endloop
  endfacet
  facet normal -0.000000e+00 0.000000e+00 -1.000000e+00
    outer loop
      vertex   3.920000e+01 1.138564e+01 0.000000e+00
      vertex   1.080000e+01 1.138564e+01 0.000000e+00
      vertex   3.958589e+01 1.154548e+01 0.000000e+00
    endloop
  endfacet
  facet normal -0.000000e+00 0.000000e+00 -1.000000e+00
    outer loop
      vertex   3.958589e+01 1.154548e+01 0.000000e+00
      vertex   1.080000e+01 1.138564e+01 0.000000e+00
      vertex   1.041411e+01 1.154548e+01 0.000000e+00
    endloop
  endfacet
  facet normal 0.000000e+00 0.000000e+00 -1.000000e+00
    outer loop
      vertex   3.958589e+01 1.154548e+01 0.000000e+00
      vertex   1.041411e+01 1.154548e+01 0.000000e+00
      vertex   5.000000e+01 2.500000e+01 0.000000e+00
    endloop
  endfacet
  facet normal -0.000000e+00 0.000000e+00 -1.000000e+00
    outer loop
      vertex   5.000000e+01 2.500000e+01 0.000000e+00
      vertex   1.041411e+01 1.154548e+01 0.000000e+00
      vertex   0.000000e+00 2.500000e+01 0.000000e+00
    endloop
  endfacet
  facet normal 0.000000e+00 0.000000e+00 -1.000000e+00
    outer loop
      vertex   0.000000e+00 2.500000e+01 0.000000e+00
      vertex   1.041411e+01 1.154548e+01 0.000000e+00
      vertex   1.000000e+01 1.160000e+01 0.000000e+00
    endloop
  endfacet
  facet normal 0.000000e+00 0.000000e+00 -1.000000e+00
    outer loop
      vertex   0.000000e+00 2.500000e+01 0.000000e+00
      vertex   1.000000e+01 1.160000e+01 0.000000e+00
      vertex   9.585890e+00 1.154548e+01 0.000000e+00
    endloop
  endfacet
  facet normal -0.000000e+00 0.000000e+00 -1.000000e+00
    outer loop
      vertex   9.585890e+00 1.154548e+01 0.000000e+00
      vertex   9.200000e+00 1.138564e+01 0.000000e+00
      vertex   0.000000e+00 2.500000e+01 0.000000e+00
    endloop
  endfacet
  facet normal 0.000000e+00 0.000000e+00 -1.000000e+00
    outer loop
      vertex   0.000000e+00 2.500000e+01 0.000000e+00
      vertex   9.200000e+00 1.138564e+01 0.000000e+00
      vertex   8.868629e+00 1.113137e+01 0.000000e+00
    endloop
  endfacet
  facet normal 0.000000e+00 0.000000e+00 -1.000000e+00
    outer loop
      vertex   0.000000e+00 2.500000e+01 0.000000e+00
      vertex   8.868629e+00 1.113137e+01 0.000000e+00
      vertex   8.614359e+00 1.080000e+01 0.000000e+00
    endloop
  endfacet
  facet normal -0.000000e+00 0.000000e+00 -1.000000e+00
    outer loop
      vertex   8.614359e+00 1.080000e+01 0.000000e+00
      vertex   8.454519e+00 1.041411e+01 0.000000e+00
      vertex   0.000000e+00 2.500000e+01 0.000000e+00
    endloop
  endfacet
  facet normal 0.000000e+00 0.000000e+00 -1.000000e+00
    outer loop
      vertex   0.000000e+00 2.500000e+01 0.000000e+00
      vertex   8.454519e+00 1.041411e+01 0.000000e+00
      vertex   0.000000e+00 0.000000e+00 0.000000e+00
    endloop
  endfacet
  facet normal 0.000000e+00 0.000000e+00 -1.000000e+00
    outer loop
      vertex   0.000000e+00 0.000000e+00 0.000000e+00
      vertex   8.454519e+00 1.041411e+01 0.000000e+00
      vertex   8.400000e+00 1.000000e+01 0.000000e+00
    endloop
  endfacet
  facet normal 0.000000e+00 0.000000e+00 -1.000000e+00
    outer loop
      vertex   0.000000e+00 0.000000e+00 0.000000e+00
      vertex   8.400000e+00 1.000000e+01 0.000000e+00
      vertex   8.454519e+00 9.585890e+00 0.000000e+00
    endloop
  endfacet
  facet normal 0.000000e+00 -0.000000e+00 -1.000000e+00
    outer loop
      vertex   8.454519e+00 9.585890e+00 0.000000e+00
      vertex   8.614359e+00 9.200000e+00 0.000000e+00
      vertex   0.000000e+00 0.000000e+00 0.000000e+00
    endloop
  endfacet
  facet normal 0.000000e+00 0.000000e+00 -1.000000e+00
    outer loop
      vertex   0.000000e+00 0.000000e+00 0.000000e+00
      vertex   8.614359e+00 9.200000e+00 0.000000e+00
      vertex   8.868629e+00 8.868629e+00 0.000000e+00
    endloop
  endfacet
  facet normal 0.000000e+00 0.000000e+00 -1.000000e+00
    outer loop
      vertex   0.000000e+00 0.000000e+00 0.000000e+00
      vertex   8.868629e+00 8.868629e+00 0.000000e+00
      vertex   9.200000e+00 8.614359e+00 0.000000e+00
    endloop
  endfacet
  facet normal 0.000000e+00 -0.000000e+00 -1.000000e+00
    outer loop
      vertex   9.200000e+00 8.614359e+00 0.000000e+00
      vertex   9.585890e+00 8.454519e+00 0.000000e+00
      vertex   0.000000e+00 0.000000e+00 0.000000e+00
    endloop
  endfacet
  facet normal 0.000000e+00 0.000000e+00 -1.000000e+00
    outer loop
      vertex   0.000000e+00 0.000000e+00 0.000000e+00
      vertex   9.585890e+00 8.454519e+00 0.000000e+00
      vertex   1.000000e+01 8.400000e+00 0.000000e+00
    endloop
  endfacet
  facet normal 0.000000e+00 0.000000e+00 -1.000000e+00
    outer loop
      vertex   0.000000e+00 0.000000e+00 0.000000e+00
      vertex   1.000000e+01 8.400000e+00 0.000000e+00
      vertex   1.041411e+01 8.454519e+00 0.000000e+00
    endloop
  endfacet
  facet normal 0.000000e+00 0.000000e+00 -1.000000e+00
    outer loop
      vertex   4.154548e+01 9.585890e+00 0.000000e+00
      vertex   4.160000e+01 1.000000e+01 0.000000e+00
      vertex   5.000000e+01 0.000000e+00 0.000000e+00
    endloop
  endfacet
  facet normal 0.000000e+00 0.000000e+00 -1.000000e+00
    outer loop
      vertex   5.000000e+01 0.000000e+00 0.000000e+00
      vertex   4.160000e+01 1.000000e+01 0.000000e+00
      vertex   4.154548e+01 1.041411e+01 0.000000e+00
    endloop
  endfacet
  facet normal 0.000000e+00 0.000000e+00 -1.000000e+00
    outer loop
      vertex   5.000000e+01 0.000000e+00 0.000000e+00
      vertex   4.154548e+01 1.041411e+01 0.000000e+00
      vertex   5.000000e+01 2.500000e+01 0.000000e+00
    endloop
  endfacet
  facet normal 0.000000e+00 0.000000e+00 -1.000000e+00
    outer loop
      vertex   5.000000e+01 2.500000e+01 0.000000e+00
      vertex   4.154548e+01 1.041411e+01 0.000000e+00
      vertex   4.138564e+01 1.080000e+01 0.000000e+00
    endloop
  endfacet
  facet normal 0.000000e+00 0.000000e+00 -1.000000e+00
    outer loop
      vertex   5.000000e+01 2.500000e+01 0.000000e+00
      vertex   4.138564e+01 1.080000e+01 0.000000e+00
      vertex   4.113137e+01 1.113137e+01 0.000000e+00
    endloop
  endfacet
  facet normal 0.000000e+00 0.000000e+00 -1.000000e+00
    outer loop
      vertex   4.113137e+01 1.113137e+01 0.000000e+00
      vertex   4.080000e+01 1.138564e+01 0.000000e+00
      vertex   5.000000e+01 2.500000e+01 0.000000e+00
    endloop
  endfacet
  facet normal 0.000000e+00 0.000000e+00 -1.000000e+00
    outer loop
      vertex   5.000000e+01 2.500000e+01 0.000000e+00
      vertex   4.080000e+01 1.138564e+01 0.000000e+00
      vertex   4.041411e+01 1.154548e+01 0.000000e+00
    endloop
  endfacet
  facet normal 0.000000e+00 0.000000e+00 -1.000000e+00
    outer loop
      vertex   5.000000e+01 2.500000e+01 0.000000e+00
      vertex   4.041411e+01 1.154548e+01 0.000000e+00
      vertex   4.000000e+01 1.160000e+01 0.000000e+00
    endloop
  endfacet
  facet normal -0.000000e+00 0.000000e+00 -1.000000e+00
    outer loop
      vertex   4.000000e+01 1.160000e+01 0.000000e+00
      vertex   3.958589e+01 1.154548e+01 0.000000e+00
      vertex   5.000000e+01 2.500000e+01 0.000000e+00
    endloop
  endfacet
  facet normal 0.000000e+00 0.000000e+00 -1.000000e+00
    outer loop
      vertex   4.041411e+01 8.454519e+00 0.000000e+00
      vertex   4.080000e+01 8.614359e+00 0.000000e+00
      vertex   5.000000e+01 0.000000e+00 0.000000e+00
    endloop
  endfacet
  facet normal 0.000000e+00 0.000000e+00 -1.000000e+00
    outer loop
      vertex   5.000000e+01 0.000000e+00 0.000000e+00
      vertex   4.080000e+01 8.614359e+00 0.000000e+00
      vertex   4.113137e+01 8.868629e+00 0.000000e+00
    endloop
  endfacet
  facet normal 0.000000e+00 0.000000e+00 -1.000000e+00
    outer loop
      vertex   5.000000e+01 0.000000e+00 0.000000e+00
      vertex   4.113137e+01 8.868629e+00 0.000000e+00
      vertex   4.138564e+01 9.200000e+00 0.000000e+00
    endloop
  endfacet
  facet normal 0.000000e+00 0.000000e+00 -1.000000e+00
    outer loop
      vertex   4.138564e+01 9.200000e+00 0.000000e+00
      vertex   4.154548e+01 9.585890e+00 0.000000e+00
      vertex   5.000000e+01 0.000000e+00 0.000000e+00
    endloop
  endfacet
endsolid
